Date,0
2015-08-13,0.0
2015-08-14,2621.841044763452
2015-08-17,4001.5995407821847
2015-08-18,0.0
2015-08-19,0.0
2015-08-20,3172.2427962969123
2015-08-21,0.0
2015-08-24,-42.30782504917944
2015-08-25,0.0
2015-08-26,0.0
2015-08-27,2695.560334418774
2015-08-28,-933.4057079232192
2015-08-31,0.0
2015-09-01,598.8175398697698
2015-09-02,0.0
2015-09-03,-790.9703144108812
2015-09-04,0.0
2015-09-07,1229.22660971174
2015-09-08,4303.7855673666345
2015-09-09,0.0
2015-09-10,0.0
2015-09-11,0.0
2015-09-14,706.3345135704745
2015-09-15,8.62999230353283
2015-09-16,0.0
2015-09-17,0.0
2015-09-18,-291.9442712181177
2015-09-21,0.0
2015-09-22,0.0
2015-09-23,0.0
2015-09-24,0.0
2015-09-25,0.0
2015-09-28,0.0
2015-09-29,-335.34961274261303
2015-09-30,0.0
2015-10-01,0.0
2015-10-02,912.9865807435034
2015-10-05,0.0
2015-10-06,-424.5572949551124
2015-10-07,0.0
2015-10-08,0.0
2015-10-09,4491.646127575595
2015-10-12,0.0
2015-10-13,83.4372082005077
2015-10-14,0.0
2015-10-15,0.0
2015-10-16,0.0
2015-10-19,0.0
2015-10-20,746.8294193449642
2015-10-21,2046.7368279137877
2015-10-22,3016.0078755117606
2015-10-23,0.0
2015-10-26,-21.421662055800965
2015-10-27,-1174.9906822103687
2015-10-28,0.0
2015-10-29,914.7522247330954
2015-10-30,0.0
2015-11-02,0.0
2015-11-03,2731.753077761385
2015-11-04,0.0
2015-11-05,866.8423875639928
2015-11-06,0.0
2015-11-09,0.0
2015-11-10,2125.1420638050245
2015-11-11,-337.4883129931602
2015-11-12,-19.095381888169417
2015-11-13,0.0
2015-11-16,0.0
2015-11-17,0.0
2015-11-18,-269.20034337152265
2015-11-19,1344.1519830904674
2015-11-20,0.0
2015-11-23,0.0
2015-11-24,0.0
2015-11-25,1540.8392165272562
2015-11-26,0.0
2015-11-27,-650.5177117450564
2015-11-30,0.0
2015-12-01,0.0
2015-12-02,0.0
2015-12-03,0.0
2015-12-04,0.0
2015-12-07,0.0
2015-12-08,-19.47928751389194
2015-12-09,-309.7978047621242
2015-12-10,0.0
2015-12-11,2605.097574088875
2015-12-14,0.0
2015-12-15,237.95865085068226
2015-12-16,0.0
2015-12-17,189.0087888782057
2015-12-18,0.0
2015-12-21,397.31262408567983
2015-12-22,0.0
2015-12-23,300.5430367591962
2015-12-24,698.4910616759685
2015-12-25,-270.8704605926379
2015-12-28,0.0
2015-12-29,0.0
2015-12-30,0.0
2015-12-31,0.0
2016-01-01,-491.3583363914066
2016-01-04,4150.506746063455
2016-01-05,0.0
2016-01-06,0.0
2016-01-07,0.0
2016-01-08,0.0
2016-01-11,0.0
2016-01-12,0.0
2016-01-13,-2072.9596164109666
2016-01-14,3014.403482810018
2016-01-15,0.0
2016-01-18,0.0
2016-01-19,1639.190964625155
2016-01-20,0.0
2016-01-21,0.0
2016-01-22,0.0
2016-01-25,0.0
2016-01-26,-490.9211767249
2016-01-27,0.0
2016-01-28,0.0
2016-01-29,0.0
2016-02-01,0.0
2016-02-02,272.30913470672687
2016-02-03,4272.685698894265
2016-02-04,0.0
2016-02-05,0.0
2016-02-08,0.0
2016-02-09,-56.80952132458705
2016-02-10,-767.6240780751834
2016-02-11,-841.691181183863
2016-02-12,0.0
2016-02-15,2003.0648161071433
2016-02-16,0.0
2016-02-17,0.0
2016-02-18,0.0
2016-02-19,-55.21291563393734
2016-02-22,266.15494518313534
2016-02-23,0.0
2016-02-24,-46.666370830536174
2016-02-25,0.0
2016-02-26,0.0
2016-02-29,0.0
2016-03-01,0.0
2016-03-02,-170.52779264689087
2016-03-03,1345.669134095643
2016-03-04,2407.58056709651
2016-03-07,0.0
2016-03-08,1840.1436706911848
2016-03-09,-543.959266234311
2016-03-10,0.0
2016-03-11,0.0
2016-03-14,0.0
2016-03-15,-999.3509160948779
2016-03-16,0.0
2016-03-17,0.0
2016-03-18,0.0
2016-03-21,1556.695036162729
2016-03-22,0.0
2016-03-23,-446.0456732051798
2016-03-24,-562.6081115543365
2016-03-25,0.0
2016-03-28,0.0
2016-03-29,0.0
2016-03-30,0.0
2016-03-31,0.0
2016-04-01,0.0
2016-04-04,0.0
2016-04-05,-1156.372085905623
2016-04-06,0.0
2016-04-07,0.0
2016-04-08,-742.1101416764656
2016-04-11,5629.945613622589
2016-04-12,0.0
2016-04-13,-25.79834438112983
2016-04-14,0.0
2016-04-15,2090.4548945632678
2016-04-18,0.0
2016-04-19,0.0
2016-04-20,0.0
2016-04-21,266.0756178937539
2016-04-22,0.0
2016-04-25,0.0
2016-04-26,-352.66213235641135
2016-04-27,0.0
2016-04-28,547.5669659711476
2016-04-29,0.0
2016-05-02,0.0
2016-05-03,0.0
2016-05-04,892.263482463568
2016-05-05,0.0
2016-05-06,2432.1150053305305
2016-05-09,-676.758140984171
2016-05-10,0.0
2016-05-11,352.8582117145577
2016-05-12,-534.9167525233552
2016-05-13,595.823944048569
2016-05-16,-320.63241684492147
2016-05-17,544.7783747508917
2016-05-18,0.0
2016-05-19,0.0
2016-05-20,0.0
2016-05-23,-113.63409582438486
2016-05-24,0.0
2016-05-25,0.0
2016-05-26,0.0
2016-05-27,0.0
2016-05-30,-806.4761146718538
2016-05-31,0.0
2016-06-01,-59.245070769831855
2016-06-02,0.0
2016-06-03,0.0
2016-06-06,0.0
2016-06-07,0.0
2016-06-08,0.0
2016-06-09,1866.01340968146
2016-06-10,0.0
2016-06-13,0.0
2016-06-14,0.0
2016-06-15,3172.6006077480956
2016-06-16,-852.6144888218079
2016-06-17,0.0
2016-06-20,-1061.6456603245665
2016-06-21,-18.7090659046197
2016-06-22,0.0
2016-06-23,0.0
2016-06-24,0.0
2016-06-27,0.0
2016-06-28,0.0
2016-06-29,-1124.688862705314
2016-06-30,-873.1837365509067
2016-07-01,0.0
2016-07-04,1993.766367853991
2016-07-05,-1369.7748965385542
2016-07-06,0.0
2016-07-07,0.0
2016-07-08,0.0
2016-07-11,0.0
2016-07-12,0.0
2016-07-13,0.0
2016-07-14,0.0
2016-07-15,0.0
2016-07-18,0.0
2016-07-19,-597.3743506306618
2016-07-20,515.2143260871514
2016-07-21,-13.941242917830213
2016-07-22,-128.60086481583494
2016-07-25,-1691.6835972426475
2016-07-26,1750.7587196208262
2016-07-27,6.682974542322684
2016-07-28,2158.417752777649
2016-07-29,2238.541690443375
2016-08-01,0.0
2016-08-02,0.0
2016-08-03,0.0
2016-08-04,1041.8207318956986
2016-08-05,0.0
2016-08-08,0.0
2016-08-09,-12.17903484078543
2016-08-10,0.0
2016-08-11,0.0
2016-08-12,0.0
2016-08-15,0.0
2016-08-16,1602.6226730639512
2016-08-17,0.0
2016-08-18,-908.7737380720193
2016-08-19,0.0
2016-08-22,1353.8315763112364
2016-08-23,-389.5612983829862
2016-08-24,0.0
2016-08-25,0.0
2016-08-26,-22.571621241225674
2016-08-29,0.0
2016-08-30,0.0
2016-08-31,1647.0031281004112
2016-09-01,1956.9491803759097
2016-09-02,0.0
2016-09-05,0.0
2016-09-06,-587.2522574275346
2016-09-07,0.0
2016-09-08,0.0
2016-09-09,0.0
2016-09-12,0.0
2016-09-13,-388.1640699667155
2016-09-14,0.0
2016-09-15,0.0
2016-09-16,0.0
2016-09-19,0.0
2016-09-20,0.0
2016-09-21,1649.2817057325074
2016-09-22,543.5140316720118
2016-09-23,0.0
2016-09-26,-194.61384697322472
2016-09-27,0.0
2016-09-28,479.9494831062087
2016-09-29,2908.636057757456
2016-09-30,0.0
2016-10-03,0.0
2016-10-04,2193.012375456331
2016-10-05,-7.10095345821177
2016-10-06,0.0
2016-10-07,0.0
2016-10-10,0.0
2016-10-11,-695.395854898288
2016-10-12,0.0
2016-10-13,-521.127187214022
2016-10-14,0.0
2016-10-17,799.5241925950108
2016-10-18,-262.5836847327572
2016-10-19,0.0
2016-10-20,0.0
2016-10-21,0.0
2016-10-24,0.0
2016-10-25,2154.5256617936866
2016-10-26,0.0
2016-10-27,0.0
2016-10-28,-373.8304251256963
2016-10-31,0.0
2016-11-01,425.25106728746135
2016-11-02,0.0
2016-11-03,-17.42041361293307
2016-11-04,908.04242765502
2016-11-07,7671.590427157483
2016-11-08,0.0
2016-11-09,0.0
2016-11-10,0.0
2016-11-11,0.0
2016-11-14,0.0
2016-11-15,788.3008776457751
2016-11-16,0.0
2016-11-17,0.0
2016-11-18,840.9622797632785
2016-11-21,0.0
2016-11-22,0.0
2016-11-23,0.0
2016-11-24,0.0
2016-11-25,0.0
2016-11-28,-12.263499016490966
2016-11-29,0.0
2016-11-30,0.0
2016-12-01,0.0
2016-12-02,-1030.5753287091763
2016-12-05,123.98618672737241
2016-12-06,-238.84573466984662
2016-12-07,2645.7393212588804
2016-12-08,0.0
2016-12-09,0.0
2016-12-12,0.0
2016-12-13,0.0
2016-12-14,0.0
2016-12-15,5396.609060716176
2016-12-16,0.0
2016-12-19,602.9676786918402
2016-12-20,0.0
2016-12-21,1130.207524991919
2016-12-22,-297.27167311554484
2016-12-23,425.03999291407143
2016-12-26,-95.29020760601968
2016-12-27,67.98157691361979
2016-12-28,794.5493138931064
2016-12-29,0.0
2016-12-30,0.0
2017-01-02,0.0
2017-01-03,0.0
2017-01-04,0.0
2017-01-05,656.9217395476751
2017-01-06,0.0
2017-01-09,0.0
2017-01-10,0.0
2017-01-11,0.0
2017-01-12,0.0
2017-01-13,0.0
2017-01-16,0.0
2017-01-17,3340.8519494651846
2017-01-18,0.0
2017-01-19,425.4024822113442
2017-01-20,0.0
2017-01-23,1489.8269377452768
2017-01-24,0.0
2017-01-25,0.0
2017-01-26,0.0
2017-01-27,-405.65802178639046
2017-01-30,436.50605363307477
2017-01-31,704.0010254536355
2017-02-01,0.0
2017-02-02,0.0
2017-02-03,0.0
2017-02-06,-828.9868626628199
2017-02-07,1258.1153236967525
2017-02-08,0.0
2017-02-09,465.6715114928847
2017-02-10,0.0
2017-02-13,0.0
2017-02-14,347.693560965445
2017-02-15,0.0
2017-02-16,0.0
2017-02-17,1931.6866149998486
2017-02-20,0.0
2017-02-21,-156.85464733884837
2017-02-22,0.0
2017-02-23,0.0
2017-02-24,0.0
2017-02-27,0.0
2017-02-28,16.717317790951146
2017-03-01,1843.501762033874
2017-03-02,0.0
2017-03-03,0.0
2017-03-06,-231.56022940336464
2017-03-07,0.0
2017-03-08,0.0
2017-03-09,-309.4903291745352
2017-03-10,0.0
2017-03-13,0.0
2017-03-14,-297.5230559169456
2017-03-15,2017.7713844394586
2017-03-16,4455.920409934986
2017-03-17,0.0
2017-03-20,0.0
2017-03-21,0.0
2017-03-22,9.609305380319306
2017-03-23,0.0
2017-03-24,72.33049803096365
2017-03-27,-610.371980644075
2017-03-28,0.0
2017-03-29,1572.6561581439519
2017-03-30,0.0
2017-03-31,1203.912517387052
2017-04-03,0.0
2017-04-04,0.0
2017-04-05,0.0
2017-04-06,-362.4177802927062
2017-04-07,0.0
2017-04-10,0.0
2017-04-11,964.1220479971234
2017-04-12,0.0
2017-04-13,955.7994092023798
2017-04-14,0.0
2017-04-17,520.9011697380681
2017-04-18,0.0
2017-04-19,0.0
2017-04-20,0.0
2017-04-21,0.0
2017-04-24,2022.0138012209902
2017-04-25,833.9818206458569
2017-04-26,0.0
2017-04-27,0.0
2017-04-28,899.6682263319557
2017-05-01,508.746681800159
2017-05-02,-104.95149872653353
2017-05-03,0.0
2017-05-04,77.77724049689418
2017-05-05,0.0
2017-05-08,0.0
2017-05-09,0.0
2017-05-10,-8.56234473648921
2017-05-11,0.0
2017-05-12,0.0
2017-05-15,0.0
2017-05-16,0.0
2017-05-17,0.0
2017-05-18,-63.67547563064939
2017-05-19,0.0
2017-05-22,937.7162823513172
2017-05-23,-231.69107271159527
2017-05-24,-456.05571219373917
2017-05-25,0.0
2017-05-26,0.0
2017-05-29,0.0
2017-05-30,1610.5341343295115
2017-05-31,-46.19102689664274
2017-06-01,0.0
2017-06-02,0.0
2017-06-05,-454.1273559068844
2017-06-06,242.86547872730944
2017-06-07,0.0
2017-06-08,0.0
2017-06-09,-420.5286935364248
2017-06-12,-401.2731547684935
2017-06-13,967.800354175281
2017-06-14,-14.610835006378293
2017-06-15,0.0
2017-06-16,0.0
2017-06-19,7.767123925687469
2017-06-20,708.0200870603577
2017-06-21,0.0
2017-06-22,4333.342050548265
2017-06-23,2883.287728121825
2017-06-26,1747.7997312040109
2017-06-27,2104.983376186502
2017-06-28,0.0
2017-06-29,0.0
2017-06-30,-328.7160263715896
2017-07-03,0.0
2017-07-04,0.0
2017-07-05,22.331707102420605
2017-07-06,0.0
2017-07-07,-509.0897214845391
2017-07-10,0.0
2017-07-12,5009.779277220125
2017-07-13,0.0
2017-07-14,0.0
2017-07-17,0.0
2017-07-18,1018.0239239780753
2017-07-19,0.0
2017-07-20,532.2951869544487
2017-07-21,0.0
2017-07-24,-58.69568242168413
2017-07-25,0.0
2017-07-26,-283.52168222712066
2017-07-27,76.56196638955777
2017-07-28,0.0
2017-07-31,-483.90537734432155
2017-08-01,-1546.2598283401821
2017-08-02,0.0
2017-08-03,0.0
2017-08-04,1066.3239954798034
2017-08-07,-2.86315675656405
2017-08-08,204.03829498335423
2017-08-09,-435.5477893598599
2017-08-10,0.0
2017-08-11,48.172612023449496
2017-08-14,0.0
2017-08-15,-360.49238178190586
2017-08-16,0.0
2017-08-17,0.0
2017-08-18,0.0
2017-08-21,1642.6518986258125
2017-08-22,386.7491835762986
2017-08-23,-501.1268291450597
2017-08-24,1561.1685207750556
2017-08-25,0.0
2017-08-28,0.0
2017-08-29,0.0
2017-08-30,0.0
2017-08-31,0.0
2017-09-01,0.0
2017-09-04,0.0
2017-09-05,3006.1187098920527
2017-09-06,0.0
2017-09-07,0.0
2017-09-08,0.0
2017-09-11,0.0
2017-09-12,2468.6878495544947
2017-09-13,0.0
2017-09-14,0.0
2017-09-15,-51.98869605718669
2017-09-18,0.0
2017-09-19,164.57740372065027
2017-09-20,-794.2346962152932
2017-09-21,-403.46695038677206
2017-09-22,0.0
2017-09-25,0.0
2017-09-26,1219.1750425797425
2017-09-27,0.0
2017-09-28,0.0
2017-09-29,-647.4701912175464
2017-10-02,2331.5718356703387
2017-10-03,0.0
2017-10-04,0.0
2017-10-05,447.34462437852744
2017-10-06,0.0
2017-10-09,0.0
2017-10-10,785.8939261615287
2017-10-11,-308.1406739680674
2017-10-12,0.0
2017-10-13,0.0
2017-10-16,0.0
2017-10-17,1391.4611156124886
2017-10-18,1385.6991065326897
2017-10-19,0.0
2017-10-20,0.0
2017-10-23,0.0
2017-10-24,0.0
2017-10-25,-302.9623529256241
2017-10-26,0.0
2017-10-27,-43.69960587482046
2017-10-30,0.0
2017-10-31,-378.3979401283019
2017-11-01,0.0
2017-11-02,1469.802759097744
2017-11-03,0.0
2017-11-06,0.0
2017-11-07,0.0
2017-11-08,0.0
2017-11-09,678.74035871279
2017-11-10,0.0
2017-11-13,0.0
2017-11-14,0.0
2017-11-15,1323.7147225832414
2017-11-17,0.0
2017-11-20,0.0
2017-11-21,0.0
2017-11-22,0.0
2017-11-23,0.0
2017-11-24,0.0
2017-11-27,0.0
2017-11-28,0.0
2017-11-29,0.0
2017-11-30,0.0
2017-12-01,0.0
2017-12-04,0.0
2017-12-05,1608.4991950315607
2017-12-06,0.0
2017-12-07,385.71914042531364
2017-12-08,-303.5101071831563
2017-12-11,0.0
2017-12-12,0.0
2017-12-13,0.0
2017-12-14,730.5193819739403
2017-12-15,0.0
2017-12-18,0.0
2017-12-19,-474.1608291205093
2017-12-20,0.0
2017-12-21,1438.0290462399607
2017-12-22,-373.2672141834152
2017-12-25,879.4247535251011
2017-12-26,0.0
2017-12-27,2359.079441283467
2017-12-28,6.86819200872524
2017-12-29,0.0
2018-01-01,0.0
2018-01-02,60.7108641359676
2018-01-03,0.0
2018-01-04,-228.01071474425234
2018-01-05,0.0
2018-01-08,0.0
2018-01-09,1144.97848287434
2018-01-10,0.0
2018-01-11,0.0
2018-01-12,0.0
2018-01-15,0.0
2018-01-16,983.2760044390991
2018-01-17,6793.435458565224
2018-01-18,27.832205567427554
2018-01-19,0.0
2018-01-22,0.0
2018-01-23,0.0
2018-01-24,0.0
2018-01-25,0.0
2018-01-26,0.0
2018-01-29,0.0
2018-01-30,0.0
2018-01-31,0.0
2018-02-01,0.0
2018-02-02,0.0
2018-02-05,0.0
2018-02-06,1717.391424487823
2018-02-07,0.0
2018-02-08,0.0
2018-02-09,0.0
2018-02-12,901.03935840147
2018-02-13,1840.3634047768603
2018-02-14,0.0
2018-02-15,0.0
2018-02-16,712.8055908443039
2018-02-19,0.0
2018-02-20,0.0
2018-02-21,0.0
2018-02-22,0.0
2018-02-23,0.0
2018-02-26,-496.0918729727089
2018-02-27,-520.1249049254567
2018-02-28,0.0
2018-03-01,0.0
2018-03-02,0.0
2018-03-05,0.0
2018-03-06,0.0
2018-03-07,0.0
2018-03-08,0.0
2018-03-09,0.0
2018-03-12,0.0
2018-03-13,0.0
2018-03-14,1368.601809752761
2018-03-15,0.0
2018-03-16,0.0
2018-03-19,0.0
2018-03-20,0.0
2018-03-21,1042.4291265931276
2018-03-22,-340.39527162849635
2018-03-23,0.0
2018-03-26,-345.1671201207865
2018-03-27,243.29720444013103
2018-03-28,0.0
2018-03-29,0.0
2018-03-30,0.0
2018-04-02,0.0
2018-04-03,0.0
2018-04-04,0.0
2018-04-05,-19.236809451742435
2018-04-06,0.0
2018-04-09,-91.99398658023142
2018-04-10,0.0
2018-04-11,-31.45602380747466
2018-04-12,0.0
2018-04-13,-497.758335894948
2018-04-16,0.0
2018-04-17,0.0
2018-04-18,0.0
2018-04-19,0.0
2018-04-20,0.0
2018-04-23,0.0
2018-04-24,-355.11777657756414
2018-04-25,0.0
2018-04-26,1584.9087930070198
2018-04-27,0.0
2018-04-30,0.0
2018-05-01,0.0
2018-05-02,0.0
2018-05-03,0.0
2018-05-04,-138.89123335650558
2018-05-07,0.0
2018-05-08,-85.05438152155557
2018-05-09,875.6320048689192
2018-05-10,0.0
2018-05-11,0.0
2018-05-14,-1085.6447297534291
2018-05-15,179.33131466127855
2018-05-16,0.0
2018-05-17,0.0
2018-05-18,0.0
2018-05-21,297.7964308931318
2018-05-22,147.52562562351488
2018-05-23,0.0
2018-05-24,0.0
2018-05-25,31.63476826901798
2018-05-28,-347.0078186170214
2018-05-29,0.0
2018-05-30,0.0
2018-05-31,0.0
2018-06-01,0.0
2018-06-04,19.88378185619106
2018-06-05,0.0
2018-06-06,-413.84432835759463
2018-06-07,-457.3990217115369
2018-06-08,3706.3831497936067
2018-06-11,0.0
2018-06-12,0.0
2018-06-13,1270.1133593722038
2018-06-14,0.0
2018-06-15,0.0
2018-06-18,0.0
2018-06-19,34.22550089529997
2018-06-20,0.0
2018-06-21,0.0
2018-06-22,0.0
2018-06-25,0.0
2018-06-26,0.0
2018-06-27,23.98848085112397
2018-06-28,0.0
2018-06-29,-47.37564480614725
2018-07-02,0.0
2018-07-03,0.0
2018-07-04,-8.32798948368781
2018-07-05,0.0
2018-07-06,-340.331058927328
2018-07-09,0.0
2018-07-10,-21.271572289043647
2018-07-11,0.0
2018-07-12,1187.0499803083114
2018-07-13,0.0
2018-07-16,0.0
2018-07-17,0.0
2018-07-18,0.0
2018-07-19,0.0
2018-07-20,0.0
2018-07-23,0.0
2018-07-24,0.0
2018-07-25,0.0
2018-07-26,0.0
2018-07-27,0.0
2018-07-30,388.0974363460096
2018-07-31,121.04444950832657
2018-08-01,1570.9858610720498
2018-08-02,345.3741581657076
2018-08-03,0.0
2018-08-06,0.0
2018-08-07,-91.08060933310095
2018-08-08,1869.229394974117
2018-08-09,0.0
2018-08-10,0.0
2018-08-13,0.0
2018-08-14,862.5682179235152
2018-08-15,0.0
2018-08-16,0.0
2018-08-17,2581.2512339310824
2018-08-20,1141.764593042602
2018-08-21,0.0
2018-08-22,-34.007100954110335
2018-08-23,0.0
2018-08-24,0.0
2018-08-27,0.0
2018-08-28,0.0
2018-08-29,0.0
2018-08-30,1491.4056889697795
2018-08-31,0.0
2018-09-03,0.0
2018-09-04,0.0
2018-09-05,0.0
2018-09-06,-368.2644202831959
2018-09-07,280.18591339309586
2018-09-10,-275.3242296682233
2018-09-11,961.9570825508305
2018-09-12,0.0
2018-09-13,1715.489695220741
2018-09-14,575.7043231808955
2018-09-17,0.0
2018-09-18,0.0
2018-09-19,0.0
2018-09-20,0.0
2018-09-21,0.0
2018-09-24,0.0
2018-09-25,0.0
2018-09-26,2764.613016633072
2018-09-27,1002.534174842426
2018-09-28,0.0
2018-10-01,0.0
2018-10-02,1693.1859868181916
2018-10-03,1907.1963855922108
2018-10-04,0.0
2018-10-05,0.0
2018-10-08,0.0
2018-10-09,0.0
2018-10-10,0.0
2018-10-11,0.0
2018-10-12,0.0
2018-10-15,0.0
2018-10-16,0.0
2018-10-17,0.0
2018-10-18,284.3537048849855
2018-10-19,0.0
2018-10-22,0.0
2018-10-23,0.0
2018-10-24,0.0
2018-10-25,-692.8087031346892
2018-10-26,0.0
2018-10-29,0.0
2018-10-30,-142.57212230729044
2018-10-31,0.0
2018-11-01,2239.529895174285
2018-11-02,0.0
2018-11-05,0.0
2018-11-06,-517.8030720637137
2018-11-07,0.0
2018-11-08,-44.53302708203533
2018-11-09,2326.524818494462
2018-11-12,-24.3362151964158
2018-11-13,0.0
2018-11-14,0.0
2018-11-15,575.7831690540418
2018-11-16,0.0
2018-11-19,-648.2294475478063
2018-11-20,0.0
2018-11-21,-522.0706623175856
2018-11-22,0.0
2018-11-23,-1560.9405841120663
2018-11-26,0.0
2018-11-27,0.0
2018-11-28,0.0
2018-11-29,1403.5772128693002
2018-11-30,0.0
2018-12-03,-247.07410479100218
2018-12-04,0.0
2018-12-05,993.2620963793663
2018-12-06,0.0
2018-12-07,611.7363019872429
2018-12-10,1172.5535493501236
2018-12-11,0.0
2018-12-12,109.84260711773659
2018-12-13,0.0
2018-12-14,3410.94358414062
2018-12-17,2634.987097510875
2018-12-18,87.17402026849359
2018-12-19,0.0
2018-12-20,2192.854611537798
2018-12-21,0.0
2018-12-24,300.9442675231764
2018-12-25,0.0
2018-12-26,315.42085822692076
2018-12-27,0.0
2018-12-28,0.0
2018-12-31,1065.9718292622206
2019-01-01,0.0
2019-01-02,43.82481501898689
2019-01-03,-305.3642131017604
2019-01-04,0.0
2019-01-07,0.0
2019-01-08,0.0
2019-01-09,0.0
2019-01-10,0.0
2019-01-11,-330.4797953865946
2019-01-14,0.0
2019-01-15,0.0
2019-01-16,0.0
2019-01-17,2043.2125084398242
2019-01-18,0.0
2019-01-21,-443.2126099879442
2019-01-22,-501.7008265458139
2019-01-23,0.0
2019-01-24,0.0
2019-01-25,0.0
2019-01-28,-26.626663400600094
2019-01-29,328.74301456796775
2019-01-30,0.0
2019-01-31,-523.4121208530133
2019-02-01,0.0
2019-02-04,0.0
2019-02-05,-56.59717714008582
2019-02-06,0.0
2019-02-07,324.4219865713207
2019-02-08,0.0
2019-02-11,466.6009933851531
2019-02-12,384.228423072952
2019-02-13,0.0
2019-02-14,0.0
2019-02-15,0.0
2019-02-18,1781.4501133020522
2019-02-19,0.0
2019-02-20,0.0
2019-02-21,0.0
2019-02-22,0.0
2019-02-25,0.0
2019-02-26,0.0
2019-02-27,0.0
2019-02-28,0.0
2019-03-01,0.0
2019-03-04,0.0
2019-03-05,0.0
2019-03-06,0.0
2019-03-07,0.0
2019-03-08,0.0
2019-03-11,0.0
2019-03-12,0.0
2019-03-13,0.0
2019-03-14,-1089.5215903665253
2019-03-15,0.0
2019-03-18,0.0
2019-03-19,704.8001502214664
2019-03-20,-86.444684262975
2019-03-21,0.0
2019-03-22,0.0
2019-03-25,0.0
2019-03-26,130.96659906852824
2019-03-27,0.0
2019-03-28,670.6007293814333
2019-03-29,0.0
2019-04-01,221.2458282419471
2019-04-02,0.0
2019-04-03,-383.29933538732786
2019-04-04,0.0
2019-04-05,0.0
2019-04-08,0.0
2019-04-09,-485.16806107586933
2019-04-10,0.0
2019-04-11,0.0
2019-04-12,247.58473507171053
2019-04-15,0.0
2019-04-16,2645.369784113463
2019-04-17,-34.01781861495577
2019-04-18,0.0
2019-04-19,0.0
2019-04-22,736.3493118599081
2019-04-23,0.0
2019-04-24,0.0
2019-04-25,0.0
2019-04-26,0.0
2019-04-29,0.0
2019-04-30,198.801614670798
2019-05-01,0.0
2019-05-02,0.0
2019-05-03,0.0
2019-05-06,25.87762840292221
2019-05-07,0.0
2019-05-08,0.0
2019-05-09,1441.665982897865
2019-05-10,-361.58075310360016
2019-05-13,1525.9433089208167
2019-05-14,0.0
2019-05-15,208.4937692601333
2019-05-16,-105.20776145967541
2019-05-17,-85.2977582555783
2019-05-20,0.0
2019-05-21,-200.84474345878087
2019-05-22,0.0
2019-05-23,1031.343667159202
2019-05-24,0.0
2019-05-27,0.0
2019-05-28,499.4584288643086
2019-05-29,-290.5517200136366
2019-05-30,-345.2739920419032
2019-05-31,0.0
2019-06-03,0.0
2019-06-04,0.0
2019-06-05,0.0
2019-06-06,0.0
2019-06-07,-58.49842255487569
2019-06-10,0.0
2019-06-11,538.8038952255149
2019-06-12,-388.82764239105995
2019-06-13,0.0
2019-06-14,0.0
2019-06-17,337.6940165526737
2019-06-18,0.0
2019-06-19,0.0
2019-06-20,1324.0217071050615
2019-06-21,0.0
2019-06-24,0.0
2019-06-25,321.08647406327776
2019-06-26,0.0
2019-06-27,0.0
2019-06-28,0.0
2019-07-01,0.0
2019-07-02,0.0
2019-07-03,0.0
2019-07-04,0.0
2019-07-05,-472.5128550440596
2019-07-08,0.0
2019-07-09,-897.2232967931778
2019-07-10,0.0
2019-07-11,0.0
2019-07-12,0.0
2019-07-15,0.0
2019-07-16,660.3135414245747
2019-07-17,409.8718812803699
2019-07-18,-188.85859573218363
2019-07-19,0.0
2019-07-22,0.0
2019-07-23,0.0
2019-07-24,0.0
2019-07-25,-305.37083416342745
2019-07-26,2492.3484623891554
2019-07-29,0.0
2019-07-30,1501.2994353681254
2019-07-31,0.0
2019-08-01,-230.78793947586828
2019-08-02,2016.5040321226095
2019-08-05,-457.6241908089669
2019-08-06,0.0
2019-08-07,0.0
2019-08-08,0.0
2019-08-09,316.21167787696857
2019-08-12,727.1493263052224
2019-08-13,0.0
2019-08-14,266.27324348571284
2019-08-15,0.0
2019-08-16,482.98977560152116
2019-08-19,-443.4735863783775
2019-08-20,-36.63513646738448
2019-08-21,0.0
2019-08-22,420.018011523614
2019-08-23,0.0
2019-08-26,0.0
2019-08-27,0.0
2019-08-28,-565.1086113978922
2019-08-29,1109.788241299975
2019-08-30,476.61219157148025
2019-09-02,0.0
2019-09-03,0.0
2019-09-04,0.0
2019-09-05,0.0
2019-09-06,0.0
2019-09-09,979.9037592118186
2019-09-10,92.95380365823497
2019-09-11,114.97184572051471
2019-09-12,-330.1662928695068
2019-09-13,0.0
2019-09-16,0.0
2019-09-17,0.0
2019-09-18,0.0
2019-09-19,-138.914081498253
2019-09-20,-469.07057778187084
2019-09-23,-350.0077584441533
2019-09-24,0.0
2019-09-25,432.6721885355359
2019-09-26,0.0
2019-09-27,-276.48963605726334
2019-09-30,-204.38107876526993
2019-10-01,457.3535242149997
2019-10-02,0.0
2019-10-03,317.7109118967575
2019-10-04,0.0
2019-10-07,2028.6903505259643
2019-10-08,916.2291917044777
2019-10-09,-17.954030070313152
2019-10-10,0.0
2019-10-11,0.0
2019-10-14,0.0
2019-10-15,2.1296649551386886
2019-10-16,-297.7197065110096
2019-10-17,0.0
2019-10-18,0.0
2019-10-21,-672.7022291004257
2019-10-22,0.0
2019-10-23,148.00282312436835
2019-10-24,0.0
2019-10-25,0.0
2019-10-28,0.0
2019-10-29,0.0
2019-10-30,0.0
2019-10-31,-252.44079586407017
2019-11-01,0.0
2019-11-04,570.32278042834
2019-11-05,0.0
2019-11-06,0.0
2019-11-07,274.8463314871226
2019-11-08,0.0
2019-11-11,0.0
2019-11-12,0.0
2019-11-13,0.0
2019-11-14,445.0281788479554
2019-11-15,0.0
2019-11-18,196.2878725562198
2019-11-19,0.0
2019-11-20,428.7957217913503
2019-11-21,0.0
2019-11-22,0.0
2019-11-25,0.0
2019-11-26,238.09643720502837
2019-11-27,1366.5361557807703
2019-11-28,0.0
2019-11-29,-123.16753617182344
2019-12-02,0.0
2019-12-03,0.0
2019-12-04,0.0
2019-12-05,0.0
2019-12-06,262.5023174578442
2019-12-09,0.0
2019-12-10,0.0
2019-12-11,0.0
2019-12-12,0.0
2019-12-13,0.0
2019-12-16,0.0
2019-12-17,-464.11067384357966
2019-12-18,-58.799979190352005
2019-12-19,1165.0960621790173
2019-12-20,-225.4947391994107
2019-12-23,0.0
2019-12-24,0.0
2019-12-25,-185.52934560730847
2019-12-26,818.0722199873502
2019-12-27,536.5570424488149
2019-12-30,0.0
2019-12-31,0.0
2020-01-01,0.0
2020-01-02,1488.6363566980688
2020-01-03,0.0
2020-01-06,0.0
2020-01-07,1311.7112450287123
2020-01-08,0.0
2020-01-09,0.0
2020-01-10,0.0
2020-01-13,-24.17164989924397
2020-01-14,25.908751837629538
2020-01-15,0.0
2020-01-16,-219.22699929613762
2020-01-17,0.0
2020-01-20,0.0
2020-01-21,0.0
2020-01-22,0.0
2020-01-23,0.0
2020-01-24,0.0
2020-01-27,1241.3555016018317
2020-01-28,0.0
2020-01-29,0.0
2020-01-30,0.0
2020-01-31,0.0
2020-02-03,0.0
2020-02-04,0.0
2020-02-05,0.0
2020-02-06,0.0
2020-02-07,0.0
2020-02-10,0.0
2020-02-11,0.0
2020-02-12,0.0
2020-02-13,0.0
2020-02-14,1816.660391533167
2020-02-17,788.5125852116438
2020-02-18,-257.7904442818319
2020-02-19,0.0
2020-02-20,0.0
2020-02-21,0.0
2020-02-24,0.0
2020-02-25,-529.9130301548305
2020-02-26,576.6389133117666
2020-02-27,3521.4001463845393
2020-02-28,0.0
2020-03-02,0.0
2020-03-03,0.0
2020-03-04,-169.9356567840721
2020-03-05,358.12072239433775
2020-03-06,-163.59389584006024
2020-03-09,0.0
2020-03-10,0.0
2020-03-11,0.0
2020-03-12,11488.19851096479
2020-03-13,0.0
2020-03-16,0.0
2020-03-17,0.0
2020-03-18,0.0
2020-03-19,1782.863445567436
2020-03-20,0.0
2020-03-23,0.0
2020-03-24,3623.040012747015
2020-03-25,1533.043405498366
2020-03-26,337.25232243893925
2020-03-27,2578.5271894757193
2020-03-30,0.0
2020-03-31,349.5863779801603
2020-04-01,0.0
2020-04-02,111.99651443111291
2020-04-03,-36.758521244500876
2020-04-06,148.71694911842252
2020-04-07,0.0
2020-04-08,0.0
2020-04-09,-710.8481652735295
2020-04-10,0.0
2020-04-13,665.398666335931
2020-04-14,-556.9372938377986
2020-04-15,0.0
2020-04-16,0.0
2020-04-17,0.0
2020-04-20,-610.0052262092044
2020-04-21,-160.55616048824268
2020-04-22,0.0
2020-04-23,0.0
2020-04-24,0.0
2020-04-27,2347.7787436008507
2020-04-28,-31.363491626596254
2020-04-29,0.0
2020-04-30,-361.29957250240386
2020-05-01,0.0
2020-05-04,1344.3560915073524
2020-05-05,-26.60381930214687
2020-05-06,0.0
2020-05-07,0.0
2020-05-08,785.5252151289626
2020-05-11,2018.798673980842
2020-05-12,0.0
2020-05-13,31.20843992775201
2020-05-14,0.0
2020-05-15,512.7248389509772
2020-05-18,0.0
2020-05-19,0.0
2020-05-20,152.2529621917294
2020-05-21,0.0
2020-05-22,-1624.1306189039299
2020-05-25,0.0
2020-05-26,19925.267235268235
2020-05-27,0.0
2020-05-28,0.0
2020-05-29,0.0
2020-06-01,0.0
2020-06-02,0.0
2020-06-03,0.0
2020-06-04,0.0
2020-06-05,0.0
2020-06-08,0.0
2020-06-09,0.0
2020-06-10,0.0
2020-06-11,2423.9760508408076
2020-06-12,0.0
2020-06-15,0.0
2020-06-16,-463.7207109563132
2020-06-17,0.0
2020-06-18,-259.42633329641006
2020-06-19,-502.5800479385938
2020-06-22,0.0
2020-06-23,0.0
2020-06-24,0.0
2020-06-25,175.58276721485902
2020-06-26,-408.793300814951
2020-06-29,637.1526721051362
2020-06-30,315.1633644066628
2020-07-01,0.0
2020-07-02,0.0
2020-07-03,-146.09091021088173
2020-07-06,-15.839937287834815
2020-07-07,0.0
2020-07-08,0.0
2020-07-09,0.0
2020-07-10,0.0
2020-07-13,0.0
2020-07-14,0.0
2020-07-15,0.0
2020-07-16,0.0
2020-07-17,0.0
2020-07-20,799.9401705617826
2020-07-21,0.0
2020-07-22,0.0
2020-07-23,0.0
2020-07-24,-458.36148425356834
2020-07-27,444.40301207146547
2020-07-28,0.0
2020-07-29,0.0
2020-07-30,-572.5134343368263
2020-07-31,0.0
2020-08-03,0.0
2020-08-04,-260.6820728376589
2020-08-05,-551.1680799378896
2020-08-06,0.0
2020-08-07,-114.04449220889082
2020-08-10,-282.88067192827856
2020-08-11,1339.990653582276
2020-08-12,0.0
2020-08-13,0.0
2020-08-14,213.68807207447048
2020-08-17,0.0
2020-08-18,215.3811625521626
2020-08-19,0.0
2020-08-20,0.0
2020-08-21,0.0
2020-08-24,2736.714866156769
2020-08-25,-60.576587959049455
2020-08-26,-32.085864212451355
2020-08-27,0.0
2020-08-28,0.0
2020-08-31,0.0
2020-09-01,0.0
2020-09-02,0.0
2020-09-03,0.0
2020-09-04,0.0
2020-09-07,0.0
2020-09-08,-709.3721431050221
2020-09-09,0.0
2020-09-10,0.0
2020-09-11,0.0
2020-09-14,2345.3126771217367
2020-09-15,-585.1650483861785
2020-09-16,0.0
2020-09-17,0.0
2020-09-18,0.0
2020-09-21,-526.371224200756
2020-09-22,0.0
2020-09-23,-508.43861515980916
2020-09-24,0.0
2020-09-25,0.0
2020-09-28,480.1212458701268
2020-09-29,799.9881694869734
2020-09-30,0.0
2020-10-01,0.0
2020-10-02,-736.7129347745032
2020-10-05,0.0
2020-10-06,-165.19155717157687
2020-10-07,-235.57719030743974
2020-10-08,0.0
2020-10-09,43.97616091854672
2020-10-12,0.0
2020-10-13,2148.0271086915955
2020-10-14,0.0
2020-10-15,0.0
2020-10-16,-302.86786445213966
2020-10-19,1086.3991444259393
2020-10-20,0.0
2020-10-21,0.0
2020-10-22,0.0
2020-10-23,-455.404647055705
2020-10-26,0.0
2020-10-27,770.9278968044321
2020-10-28,-273.4287295754589
2020-10-29,0.0
2020-10-30,0.0
2020-11-02,-374.3935032397836
2020-11-03,1821.6934703357285
2020-11-04,0.0
2020-11-05,0.0
2020-11-06,0.0
2020-11-09,789.7517756713364
2020-11-10,0.0
2020-11-11,1169.6729905150332
2020-11-12,0.0
2020-11-13,1197.60577999211
2020-11-16,0.0
2020-11-17,0.0
2020-11-18,0.0
2020-11-19,-346.6371728074137
2020-11-20,0.0
2020-11-23,-11.484962954066381
2020-11-24,0.0
2020-11-25,0.0
2020-11-26,0.0
2020-11-27,1098.027984790444
2020-11-30,0.0
2020-12-01,0.0
2020-12-02,0.0
2020-12-03,0.0
2020-12-04,0.0
2020-12-07,0.0
2020-12-08,-19.996000799838107
2020-12-09,1687.6195852947403
2020-12-10,0.0
2020-12-11,0.0
2020-12-14,0.0
2020-12-15,-218.53337586720548
2020-12-16,-166.0226305903198
2020-12-17,0.0
2020-12-18,0.0
2020-12-21,0.0
2020-12-22,0.0
2020-12-23,-24.903573621293322
2020-12-24,-282.4061696285523
2020-12-25,-332.83162648823856
2020-12-28,-436.3217992978929
2020-12-29,0.0
2020-12-30,1416.1486873266965
2020-12-31,0.0
2021-01-01,0.0
2021-01-04,-214.70589720900685
2021-01-05,0.0
2021-01-06,-420.4521598158265
2021-01-07,0.0
2021-01-08,0.0
2021-01-11,2249.4571918206607
2021-01-12,1125.8986484553172
2021-01-13,749.6383991027297
2021-01-14,0.0
2021-01-15,0.0
2021-01-18,0.0
2021-01-19,0.0
2021-01-20,0.0
2021-01-21,0.0
2021-01-22,0.0
2021-01-25,0.0
2021-01-26,0.0
2021-01-27,0.0
2021-01-28,0.0
2021-01-29,-527.1132977565271
2021-02-01,0.0
2021-02-02,-1368.458632457824
2021-02-03,0.0
2021-02-04,-184.56961223450574
2021-02-05,0.0
2021-02-08,0.0
2021-02-09,0.0
2021-02-10,0.0
2021-02-11,0.0
2021-02-12,1321.4569255366634
2021-02-15,0.0
2021-02-16,0.0
2021-02-17,0.0
2021-02-18,0.0
2021-02-19,0.0
2021-02-22,-74.38813071064394
2021-02-23,0.0
2021-02-24,248.6853541844726
2021-02-25,0.0
2021-02-26,0.0
2021-03-01,0.0
2021-03-02,0.0
2021-03-03,0.0
2021-03-04,598.9556150505731
2021-03-05,0.0
2021-03-08,0.0
2021-03-09,284.5461709768299
2021-03-10,0.0
2021-03-11,1193.0135803189924
2021-03-12,43.409493228645026
2021-03-15,0.0
2021-03-16,159.36160033882524
2021-03-17,3871.4933747744776
2021-03-18,-552.1693646891825
2021-03-19,0.0
2021-03-22,0.0
2021-03-23,0.0
2021-03-24,56.623219671903044
2021-03-25,0.0
2021-03-26,0.0
2021-03-29,-313.1109150688774
2021-03-30,-7.2457119262480925
2021-03-31,-403.74798459301024
2021-04-01,0.0
2021-04-02,954.8262186965608
2021-04-05,-319.1513906294929
2021-04-06,0.0
2021-04-07,0.0
2021-04-08,0.0
2021-04-09,414.38027991930977
2021-04-12,0.0
2021-04-13,919.5600680046572
2021-04-14,0.0
2021-04-15,0.0
2021-04-16,0.0
2021-04-19,0.0
2021-04-20,0.0
2021-04-21,-409.37978338230835
2021-04-22,0.0
2021-04-23,1534.8676775005092
2021-04-26,31.446360222010092
2021-04-27,71.21094874233947
2021-04-28,1668.6301431970267
2021-04-29,0.0
2021-04-30,0.0
2021-05-03,0.0
2021-05-04,0.0
2021-05-05,-40.200332068184345
2021-05-06,-304.97801914911213
2021-05-07,0.0
2021-05-10,0.0
2021-05-11,0.0
2021-05-12,0.0
2021-05-13,0.0
2021-05-14,0.0
2021-05-17,0.0
2021-05-18,206.70865002203604
2021-05-19,0.0
2021-05-20,0.0
2021-05-21,0.0
2021-05-24,0.0
2021-05-25,-292.1427822391487
2021-05-26,0.0
2021-05-27,341.5940675207615
2021-05-28,0.0
2021-05-31,0.0
2021-06-01,-143.70803816511827
2021-06-02,0.0
2021-06-03,0.0
2021-06-04,0.0
2021-06-07,0.0
2021-06-08,0.0
2021-06-09,2313.9576069581667
2021-06-10,0.0
2021-06-11,0.0
2021-06-14,0.0
2021-06-15,1062.5227909525345
2021-06-16,0.0
2021-06-17,3848.8987102761444
2021-06-18,0.0
2021-06-21,0.0
2021-06-22,0.0
2021-06-23,-1159.8376980243092
2021-06-24,-39.195731329956956
2021-06-25,-346.88028798101743
2021-06-28,410.69021251564794
2021-06-29,-342.2127309087442
2021-06-30,0.0
2021-07-01,486.79110097924365
2021-07-02,-2.229759101399013
2021-07-05,0.0
2021-07-06,0.0
2021-07-07,0.0
2021-07-08,0.0
2021-07-09,0.0
2021-07-12,-382.17993378089653
2021-07-13,0.0
2021-07-14,0.0
2021-07-15,0.0
2021-07-16,0.0
2021-07-19,-210.35712872948235
2021-07-20,0.0
2021-07-21,0.0
2021-07-22,0.0
2021-07-23,-313.5515815721015
2021-07-26,382.72661708051163
2021-07-27,0.0
2021-07-28,0.0
2021-07-29,357.1506099537912
2021-07-30,-252.34468355463872
2021-08-02,0.0
2021-08-03,1129.1120394662742
2021-08-04,0.0
2021-08-05,-59.957151333314854
2021-08-06,189.47965530429428
2021-08-09,0.0
2021-08-10,-276.48950635235536
2021-08-11,0.0
2021-08-12,0.0
2021-08-13,2356.568476146574
2021-08-16,0.0
2021-08-17,1048.6752424742392
2021-08-18,0.0
2021-08-19,0.0
2021-08-20,0.0
2021-08-23,-139.22101482132578
2021-08-24,0.0
2021-08-25,0.0
2021-08-26,1356.2372152473642
2021-08-27,0.0
2021-08-30,0.0
2021-08-31,706.7352306179777
2021-09-01,0.0
2021-09-02,0.0
2021-09-03,-8.171268272996457
2021-09-06,0.0
2021-09-07,-20.222319124103134
2021-09-08,0.0
2021-09-09,0.0
2021-09-10,0.0
2021-09-13,0.0
2021-09-14,-374.85657837666173
2021-09-15,0.0
2021-09-16,0.0
2021-09-17,0.0
2021-09-20,0.0
2021-09-21,0.0
2021-09-22,620.7336223090766
2021-09-23,-52.38324117340273
2021-09-24,0.0
2021-09-27,384.31681386802995
2021-09-28,151.23169687562205
2021-09-29,0.0
2021-09-30,0.0
2021-10-01,0.0
2021-10-04,-55.94601804565817
2021-10-05,-134.77569063911764
2021-10-06,-468.9355346149511
2021-10-07,0.0
2021-10-08,5239.367209112764
2021-10-11,0.0
2021-10-12,0.0
2021-10-13,0.0
2021-10-14,0.0
2021-10-15,-57.80428803572517
2021-10-18,-367.8848189671838
2021-10-19,-172.22918761818482
2021-10-20,0.0
2021-10-21,-248.167191469489
2021-10-22,0.0
2021-10-25,0.0
2021-10-26,-587.2462193802303
2021-10-27,-157.153621117297
2021-10-28,0.0
2021-10-29,0.0
2021-11-01,0.0
2021-11-02,642.6010828205508
2021-11-03,0.0
2021-11-04,0.0
2021-11-05,712.5826634187114
2021-11-08,0.0
2021-11-09,0.0
2021-11-10,0.0
2021-11-11,-380.22188276614077
2021-11-12,0.0
2021-11-15,0.0
2021-11-16,0.0
2021-11-17,0.0
2021-11-18,64.97034624554183
2021-11-19,0.0
2021-11-22,0.0
2021-11-23,0.0
2021-11-24,0.0
2021-11-25,0.0
2021-11-26,3722.8657740651306
2021-11-29,0.0
2021-11-30,384.61046417982345
2021-12-01,0.0
2021-12-02,-617.7714353211627
2021-12-03,0.0
2021-12-06,0.0
2021-12-07,-118.25829201632786
2021-12-08,0.0
2021-12-09,0.0
2021-12-10,99.68018801044214
2021-12-13,0.0
2021-12-14,220.01950494959362
2021-12-15,0.0
2021-12-16,0.0
2021-12-17,0.0
2021-12-20,-662.8041163402141
2021-12-21,0.0
2021-12-22,1473.200752357599
2021-12-23,-9.23012174683144
2021-12-24,0.0
2021-12-27,-5.480943617253739
2021-12-28,0.0
2021-12-29,-356.820002269321
2021-12-30,0.0
2021-12-31,0.0
2022-01-03,0.0
2022-01-04,0.0
2022-01-05,0.0
2022-01-06,-963.0433633214219
2022-01-07,650.6010124951544
2022-01-10,0.0
2022-01-11,0.0
2022-01-12,224.53466257064247
2022-01-13,-223.6437604807885
2022-01-14,0.0
2022-01-17,38.00769213333905
2022-01-18,-429.6948855506141
2022-01-19,0.0
2022-01-20,-13.583675040413713
2022-01-21,0.0
2022-01-24,0.0
2022-01-25,0.0
2022-01-26,-467.9602526871663
2022-01-27,-724.6754411946381
2022-01-28,0.0
2022-01-31,1743.8226160492018
2022-02-01,-328.28186338300486
2022-02-02,10.414507841765937
2022-02-03,0.0
2022-02-04,0.0
2022-02-07,0.0
2022-02-08,594.6813568723617
2022-02-09,0.0
2022-02-10,-248.35756704816652
2022-02-11,0.0
2022-02-14,0.0
2022-02-15,0.0
2022-02-16,0.0
2022-02-17,-176.02283284322726
2022-02-18,0.0
2022-02-21,170.40982836973308
2022-02-22,0.0
2022-02-23,0.0
2022-02-24,3859.546814983302
2022-02-25,0.0
2022-02-28,0.0
2022-03-01,0.0
2022-03-02,0.0
2022-03-03,0.0
2022-03-04,-1104.1495587178651
2022-03-07,0.0
2022-03-08,0.0
2022-03-09,893.5349656411892
2022-03-10,1893.3680356541013
2022-03-11,-321.2929748942769
2022-03-14,0.0
2022-03-15,-455.44707216431095
2022-03-16,0.0
2022-03-17,0.0
2022-03-18,0.0
2022-03-21,-548.3063793117041
2022-03-22,2729.2381547656178
2022-03-23,0.0
2022-03-24,0.0
2022-03-25,0.0
2022-03-28,0.0
2022-03-29,0.0
2022-03-30,0.0
2022-03-31,0.0
2022-04-01,570.4813557213627
2022-04-04,-811.8374797415674
2022-04-05,1670.6420359882072
2022-04-06,0.0
2022-04-07,0.0
2022-04-08,801.528728870837
2022-04-11,0.0
2022-04-12,0.0
2022-04-13,0.0
2022-04-14,-189.5530670738747
2022-04-15,0.0
2022-04-18,5502.880834049382
2022-04-19,0.0
2022-04-20,0.0
2022-04-21,0.0
2022-04-22,0.0
2022-04-25,0.0
2022-04-26,0.0
2022-04-27,0.0
2022-04-28,0.0
2022-04-29,0.0
2022-05-02,-561.5731727213056
2022-05-03,2.298402305925181
2022-05-04,0.0
2022-05-05,-408.19375599359125
2022-05-06,0.0
2022-05-09,0.0
2022-05-10,0.0
2022-05-11,0.0
2022-05-12,0.0
2022-05-13,0.0
2022-05-16,5205.866596948072
2022-05-17,0.0
2022-05-18,0.0
2022-05-19,0.0
2022-05-20,0.0
2022-05-23,952.3430675912434
2022-05-24,0.0
2022-05-25,278.8971641483082
2022-05-26,263.3426003109431
2022-05-27,-213.2696108903993
2022-05-30,3904.233957631076
2022-05-31,220.46658402979412
2022-06-01,0.0
2022-06-02,0.0
2022-06-03,0.0
2022-06-06,0.0
2022-06-07,0.0
2022-06-08,0.0
2022-06-09,2845.6400691340737
2022-06-10,0.0
2022-06-13,482.1201979950478
2022-06-14,0.0
2022-06-15,2050.4124222376836
2022-06-16,3007.274905058844
2022-06-17,0.0
2022-06-20,430.5806003368663
2022-06-21,-58.166777612759894
2022-06-22,2257.4927626977196
2022-06-23,0.0
2022-06-24,0.0
2022-06-27,-1263.67953853398
2022-06-28,446.35343374228364
2022-06-29,0.0
2022-06-30,0.0
2022-07-01,0.0
2022-07-04,0.0
2022-07-05,7129.289165976494
2022-07-06,-0.25262409849418443
2022-07-07,-518.1036177804891
2022-07-08,-743.2814568390502
2022-07-11,0.0
2022-07-12,0.0
2022-07-13,0.0
2022-07-14,0.0
2022-07-15,0.0
2022-07-18,2914.1159726925366
2022-07-19,0.0
2022-07-20,0.0
2022-07-21,0.0
2022-07-22,0.0
2022-07-25,0.0
2022-07-26,0.0
2022-07-27,0.0
2022-07-28,3160.9204803724456
2022-07-29,0.0
2022-08-01,0.0
2022-08-02,-26.878285136843466
2022-08-03,0.0
2022-08-04,1028.5284965243413
2022-08-05,0.0
2022-08-08,0.0
2022-08-09,-520.2995120563661
2022-08-10,0.0
2022-08-11,0.0
2022-08-12,0.0
2022-08-15,0.0
2022-08-16,0.0
2022-08-17,0.0
2022-08-18,0.0
2022-08-19,1279.007959745271
2022-08-22,0.0
2022-08-23,0.0
2022-08-24,0.0
2022-08-25,-339.6946960592025
2022-08-26,1751.0187017933752
2022-08-29,0.0
2022-08-30,0.0
2022-08-31,0.0
2022-09-01,3565.2164719943926
2022-09-02,-21.26546582386989
2022-09-05,-853.2212190548536
2022-09-06,2237.1852927282243
2022-09-07,0.0
2022-09-08,0.0
2022-09-09,0.0
2022-09-12,0.0
2022-09-13,-32.4880081375079
2022-09-14,1555.142871116198
2022-09-15,0.0
2022-09-16,-412.5266537800438
2022-09-19,0.0
2022-09-20,0.0
2022-09-21,0.0
2022-09-22,0.0
2022-09-23,0.0
2022-09-26,0.0
2022-09-27,0.0
2022-09-28,-104.32868274504571
2022-09-29,0.0
2022-09-30,0.0
2022-10-03,0.0
2022-10-04,0.0
2022-10-05,0.0
2022-10-07,0.0
2022-10-08,0.0
