Date,CHF=X,EURGBP=X,EURJPY=X,AUDUSD=X,EURUSD=X,CAD=X,JPY=X,NZDUSD=X,SGD=X,HKD=X,GBPUSD=X
8/13/2015,0,0,0,0,0,0,0,0,0,0,0
8/14/2015,0.02621841,0,0,0,0,0,0,0,0,0,0
8/17/2015,0,0,0,0.025050674,0,0.014965322,0,0,0,0,0
8/18/2015,0,0,0,0,0,0,0,0,0,0,0
8/19/2015,0,0,0,0,0,0,0,0,0,0,0
8/20/2015,0,0.031722428,0,0,0,0,0,0,0,0,0
8/21/2015,0,0,0,0,0,0,0,0,0,0,0
8/24/2015,0,0,0,0,0,0,0,0,0,-0.000423078,0
8/25/2015,0,0,0,0,0,0,0,0,0,0,0
8/26/2015,0,0,0,0,0,0,0,0,0,0,0
8/27/2015,0.026955603,0,0,0,0,0,0,0,0,0,0
8/28/2015,0,0,0,0,0,0,0,-0.009334057,0,0,0
8/31/2015,0,0,0,0,0,0,0,0,0,0,0
9/1/2015,0,0,0.00787238,0,-0.005226614,0,0.006361485,0,0,0,-0.003019076
9/2/2015,0,0,0,0,0,0,0,0,0,0,0
9/3/2015,0,0,0,0,0,0,0,-0.007909703,0,0,0
9/4/2015,0,0,0,0,0,0,0,0,0,0,0
9/7/2015,0,-0.000731694,0,0,0.01302396,0,0,0,0,0,0
9/8/2015,0,0,0.01779561,0.025242246,0,0,0,0,0,0,0
9/9/2015,0,0,0,0,0,0,0,0,0,0,0
9/10/2015,0,0,0,0,0,0,0,0,0,0,0
9/11/2015,0,0,0,0,0,0,0,0,0,0,0
9/14/2015,0,0,0,0.006572192,0,0,-0.001080657,0.00157181,0,0,0
9/15/2015,0,0,0,0,0,8.63E-05,0,0,0,0,0
9/16/2015,0,0,0,0,0,0,0,0,0,0,0
9/17/2015,0,0,0,0,0,0,0,0,0,0,0
9/18/2015,0,0,0,0,0,-0.002919443,0,0,0,0,0
9/21/2015,0,0,0,0,0,0,0,0,0,0,0
9/22/2015,0,0,0,0,0,0,0,0,0,0,0
9/23/2015,0,0,0,0,0,0,0,0,0,0,0
9/24/2015,0,0,0,0,0,0,0,0,0,0,0
9/25/2015,0,0,0,0,0,0,0,0,0,0,0
9/28/2015,0,0,0,0,0,0,0,0,0,0,0
9/29/2015,0,0.001004054,0,0,0,0,0,0,0,0,-0.00435755
9/30/2015,0,0,0,0,0,0,0,0,0,0,0
10/1/2015,0,0,0,0,0,0,0,0,0,0,0
10/2/2015,0,0,0,0,0,0,0,0,0,0,0.009129866
10/5/2015,0,0,0,0,0,0,0,0,0,0,0
10/6/2015,0,0,0,0,0,0,-0.004245573,0,0,0,0
10/7/2015,0,0,0,0,0,0,0,0,0,0,0
10/8/2015,0,0,0,0,0,0,0,0,0,0,0
10/9/2015,0,0,6.58E-05,0.004227749,0,0,0,0.02284403,0.017778843,0,0
10/12/2015,0,0,0,0,0,0,0,0,0,0,0
10/13/2015,0,0,0,0,0,0,0.000834372,0,0,0,0
10/14/2015,0,0,0,0,0,0,0,0,0,0,0
10/15/2015,0,0,0,0,0,0,0,0,0,0,0
10/16/2015,0,0,0,0,0,0,0,0,0,0,0
10/19/2015,0,0,0,0,0,0,0,0,0,0,0
10/20/2015,0,0,0,0,0,0,0.007468294,0,0,0,0
10/21/2015,0,0,0,0.020467368,0,0,0,0,0,0,0
10/22/2015,0,0,0,0,0.030160079,0,0,0,0,0,0
10/23/2015,0,0,0,0,0,0,0,0,0,0,0
10/26/2015,0,0,0,0,0,0,0,0,0,-0.000214217,0
10/27/2015,0,-0.004568302,0,0.00418745,0,-0.004219519,0,-0.007149535,0,0,0
10/28/2015,0,0,0,0,0,0,0,0,0,0,0
10/29/2015,0,0,0,0,0,0,0.009147522,0,0,0,0
10/30/2015,0,0,0,0,0,0,0,0,0,0,0
11/2/2015,0,0,0,0,0,0,0,0,0,0,0
11/3/2015,0,0,0.003299478,0,0.024018053,0,0,0,0,0,0
11/4/2015,0,0,0,0,0,0,0,0,0,0,0
11/5/2015,0,0,0,0,0,0,0,0,0,0,0.008668424
11/6/2015,0,0,0,0,0,0,0,0,0,0,0
11/9/2015,0,0,0,0,0,0,0,0,0,0,0
11/10/2015,0,0,0,0,0.007826987,0,0,0.00667026,0,0,0.006754173
11/11/2015,0,0,0,0,0,-0.003491691,0,0,0.000116808,0,0
11/12/2015,0,0,0,0,0,0,0,0,0,-0.000190954,0
11/13/2015,0,0,0,0,0,0,0,0,0,0,0
11/16/2015,0,0,0,0,0,0,0,0,0,0,0
11/17/2015,0,0,0,0,0,0,0,0,0,0,0
11/18/2015,0,0,0,0,0,0,0,0,-0.002692003,0,0
11/19/2015,0,0,0,0.01344152,0,0,0,0,0,0,0
11/20/2015,0,0,0,0,0,0,0,0,0,0,0
11/23/2015,0,0,0,0,0,0,0,0,0,0,0
11/24/2015,0,0,0,0,0,0,0,0,0,0,0
11/25/2015,0,0,0,0,0,0,0,0.015408392,0,0,0
11/26/2015,0,0,0,0,0,0,0,0,0,0,0
11/27/2015,-0.003507688,0,-0.003626454,0,0,0.00476074,0,0,-0.004131775,0,0
11/30/2015,0,0,0,0,0,0,0,0,0,0,0
12/1/2015,0,0,0,0,0,0,0,0,0,0,0
12/2/2015,0,0,0,0,0,0,0,0,0,0,0
12/3/2015,0,0,0,0,0,0,0,0,0,0,0
12/4/2015,0,0,0,0,0,0,0,0,0,0,0
12/7/2015,0,0,0,0,0,0,0,0,0,0,0
12/8/2015,0,0,0,0,0,0,0,0,0,-0.000194793,0
12/9/2015,0,0,-0.003097978,0,0,0,0,0,0,0,0
12/10/2015,0,0,0,0,0,0,0,0,0,0,0
12/11/2015,0,0,0,0,0,0.026050976,0,0,0,0,0
12/14/2015,0,0,0,0,0,0,0,0,0,0,0
12/15/2015,0,0,0,0,0,0,0,0,0.002379587,0,0
12/16/2015,0,0,0,0,0,0,0,0,0,0,0
12/17/2015,0,0,0.007288181,-0.005398093,0,0,0,0,0,0,0
12/18/2015,0,0,0,0,0,0,0,0,0,0,0
12/21/2015,0.004515716,0,0,0,0,0,0,0,0,0,-0.00054259
12/22/2015,0,0,0,0,0,0,0,0,0,0,0
12/23/2015,0,0,0,0,0,0.00300543,0,0,0,0,0
12/24/2015,0,0,0,0.002780805,0,0,0.004204106,0,0,0,0
12/25/2015,0,0,0,0,0,0,0,0,-0.002708705,0,0
12/28/2015,0,0,0,0,0,0,0,0,0,0,0
12/29/2015,0,0,0,0,0,0,0,0,0,0,0
12/30/2015,0,0,0,0,0,0,0,0,0,0,0
12/31/2015,0,0,0,0,0,0,0,0,0,0,0
1/1/2016,0,0,0,0,0,-0.004913583,0,0,0,0,0
1/4/2016,0,0,0,0,0,0,0,0.041505067,0,0,0
1/5/2016,0,0,0,0,0,0,0,0,0,0,0
1/6/2016,0,0,0,0,0,0,0,0,0,0,0
1/7/2016,0,0,0,0,0,0,0,0,0,0,0
1/8/2016,0,0,0,0,0,0,0,0,0,0,0
1/11/2016,0,0,0,0,0,0,0,0,0,0,0
1/12/2016,0,0,0,0,0,0,0,0,0,0,0
1/13/2016,0,0,0,-0.011516324,0,0,0,-0.007179249,-0.002034023,0,0
1/14/2016,0,0.012709306,0,0,0,0,0,0,0,0.006279524,0.011155204
1/15/2016,0,0,0,0,0,0,0,0,0,0,0
1/18/2016,0,0,0,0,0,0,0,0,0,0,0
1/19/2016,0,0,0,0,0.000815061,0,0.007854011,0,0.007722838,0,0
1/20/2016,0,0,0,0,0,0,0,0,0,0,0
1/21/2016,0,0,0,0,0,0,0,0,0,0,0
1/22/2016,0,0,0,0,0,0,0,0,0,0,0
1/25/2016,0,0,0,0,0,0,0,0,0,0,0
1/26/2016,0,-0.004102836,0,0,0,0,0,0,0,-0.000806375,0
1/27/2016,0,0,0,0,0,0,0,0,0,0,0
1/28/2016,0,0,0,0,0,0,0,0,0,0,0
1/29/2016,0,0,0,0,0,0,0,0,0,0,0
2/1/2016,0,0,0,0,0,0,0,0,0,0,0
2/2/2016,0,-0.006471654,0.009194746,0,0,0,0,0,0,0,0
2/3/2016,0.042726857,0,0,0,0,0,0,0,0,0,0
2/4/2016,0,0,0,0,0,0,0,0,0,0,0
2/5/2016,0,0,0,0,0,0,0,0,0,0,0
2/8/2016,0,0,0,0,0,0,0,0,0,0,0
2/9/2016,0,0,0,0,0,0,0,0,0,-0.000568095,0
2/10/2016,0,0,0,0,0,0,0,0,0,0,-0.007676241
2/11/2016,0,0,0,0,0,-0.009501081,0,0,0,0.001084169,0
2/12/2016,0,0,0,0,0,0,0,0,0,0,0
2/15/2016,0,0,-0.009497738,0.014628448,0,0.012839127,0,0,0,0.002060811,0
2/16/2016,0,0,0,0,0,0,0,0,0,0,0
2/17/2016,0,0,0,0,0,0,0,0,0,0,0
2/18/2016,0,0,0,0,0,0,0,0,0,0,0
2/19/2016,0,0,0,0,0,0,-0.000552129,0,0,0,0
2/22/2016,0,0.002661549,0,0,0,0,0,0,0,0,0
2/23/2016,0,0,0,0,0,0,0,0,0,0,0
2/24/2016,0,0,0,0,0,0,0,-0.000466664,0,0,0
2/25/2016,0,0,0,0,0,0,0,0,0,0,0
2/26/2016,0,0,0,0,0,0,0,0,0,0,0
2/29/2016,0,0,0,0,0,0,0,0,0,0,0
3/1/2016,0,0,0,0,0,0,0,0,0,0,0
3/2/2016,-0.001705278,0,0,0,0,0,0,0,0,0,0
3/3/2016,0,0,0,0,0,0,0,0,0.013456691,0,0
3/4/2016,0,0.001864711,0.022211095,0,0,0,0,0,0,0,0
3/7/2016,0,0,0,0,0,0,0,0,0,0,0
3/8/2016,0,0,0,0,0,0,0.002454666,0.020633336,0,0,-0.004686566
3/9/2016,0,0,-0.005995751,0,0,0,0,0,0,0.000556158,0
3/10/2016,0,0,0,0,0,0,0,0,0,0,0
3/11/2016,0,0,0,0,0,0,0,0,0,0,0
3/14/2016,0,0,0,0,0,0,0,0,0,0,0
3/15/2016,-0.005866818,0,0,0,0,0,0,0,-0.004126691,0,0
3/16/2016,0,0,0,0,0,0,0,0,0,0,0
3/17/2016,0,0,0,0,0,0,0,0,0,0,0
3/18/2016,0,0,0,0,0,0,0,0,0,0,0
3/21/2016,0,0,0,0,0,0,0.01556695,0,0,0,0
3/22/2016,0,0,0,0,0,0,0,0,0,0,0
3/23/2016,-0.004167662,0,0,0,0,0,0,0,0,-0.000292795,0
3/24/2016,0,0,-0.005626081,0,0,0,0,0,0,0,0
3/25/2016,0,0,0,0,0,0,0,0,0,0,0
3/28/2016,0,0,0,0,0,0,0,0,0,0,0
3/29/2016,0,0,0,0,0,0,0,0,0,0,0
3/30/2016,0,0,0,0,0,0,0,0,0,0,0
3/31/2016,0,0,0,0,0,0,0,0,0,0,0
4/1/2016,0,0,0,0,0,0,0,0,0,0,0
4/4/2016,0,0,0,0,0,0,0,0,0,0,0
4/5/2016,0.001785371,0,0,0,-0.002400041,-0.005947576,0,0,-0.005001475,0,0
4/6/2016,0,0,0,0,0,0,0,0,0,0,0
4/7/2016,0,0,0,0,0,0,0,0,0,0,0
4/8/2016,0,0,0,0,0,0,0,0,0,0,-0.007421101
4/11/2016,0,0.016983568,0,0.024896045,0,0,-0.008074329,0.022494172,0,0,0
4/12/2016,0,0,0,0,0,0,0,0,0,0,0
4/13/2016,0,0,0,0,0,0,0,0,0,-0.000257983,0
4/14/2016,0,0,0,0,0,0,0,0,0,0,0
4/15/2016,0,0.020904549,0,0,0,0,0,0,0,0,0
4/18/2016,0,0,0,0,0,0,0,0,0,0,0
4/19/2016,0,0,0,0,0,0,0,0,0,0,0
4/20/2016,0,0,0,0,0,0,0,0,0,0,0
4/21/2016,0,0,0,0,0,0,0,0.00237712,0.000283637,0,0
4/22/2016,0,0,0,0,0,0,0,0,0,0,0
4/25/2016,0,0,0,0,0,0,0,0,0,0,0
4/26/2016,0,0,0,0,0,-0.003526621,0,0,0,0,0
4/27/2016,0,0,0,0,0,0,0,0,0,0,0
4/28/2016,0.002921442,0,0,0,0,0,0,0,0,0,0.002554228
4/29/2016,0,0,0,0,0,0,0,0,0,0,0
5/2/2016,0,0,0,0,0,0,0,0,0,0,0
5/3/2016,0,0,0,0,0,0,0,0,0,0,0
5/4/2016,0,0,0.008922635,0,0,0,0,0,0,0,0
5/5/2016,0,0,0,0,0,0,0,0,0,0,0
5/6/2016,0,0,0,0.02432115,0,0,0,0,0,0,0
5/9/2016,0,-0.006767581,0,0,0,0,0,0,0,0,0
5/10/2016,0,0,0,0,0,0,0,0,0,0,0
5/11/2016,0,0,0,0,0,-0.004720984,0,0,0,0,0.008249566
5/12/2016,0,0,-0.005349168,0,0,0,0,0,0,0,0
5/13/2016,0,0,0,0,0,0,0,0.005958239,0,0,0
5/16/2016,0,-0.003206324,0,0,0,0,0,0,0,0,0
5/17/2016,0,0,0,-0.005362231,0,0,0.010810015,0,0,0,0
5/18/2016,0,0,0,0,0,0,0,0,0,0,0
5/19/2016,0,0,0,0,0,0,0,0,0,0,0
5/20/2016,0,0,0,0,0,0,0,0,0,0,0
5/23/2016,0,0,0,0,0,0,0,0,-0.001136341,0,0
5/24/2016,0,0,0,0,0,0,0,0,0,0,0
5/25/2016,0,0,0,0,0,0,0,0,0,0,0
5/26/2016,0,0,0,0,0,0,0,0,0,0,0
5/27/2016,0,0,0,0,0,0,0,0,0,0,0
5/30/2016,0,0,0,0,0,0,-0.004763089,0,-0.003301672,0,0
5/31/2016,0,0,0,0,0,0,0,0,0,0,0
6/1/2016,0,0,0,0,0,0,0,0,0,-0.000592451,0
6/2/2016,0,0,0,0,0,0,0,0,0,0,0
6/3/2016,0,0,0,0,0,0,0,0,0,0,0
6/6/2016,0,0,0,0,0,0,0,0,0,0,0
6/7/2016,0,0,0,0,0,0,0,0,0,0,0
6/8/2016,0,0,0,0,0,0,0,0,0,0,0
6/9/2016,0,0.00416126,0,0,0,0,0,0,0,0,0.014498874
6/10/2016,0,0,0,0,0,0,0,0,0,0,0
6/13/2016,0,0,0,0,0,0,0,0,0,0,0
6/14/2016,0,0,0,0,0,0,0,0,0,0,0
6/15/2016,0,0.031726006,0,0,0,0,0,0,0,0,0
6/16/2016,0,0,-0.000873982,0,0,0,0,0,0,8.36E-05,-0.007735781
6/17/2016,0,0,0,0,0,0,0,0,0,0,0
6/20/2016,0,0,0,-0.005139854,0,0,0,-0.005476602,0,0,0
6/21/2016,0,0,0,0,0,0,0,0,0,-0.000187091,0
6/22/2016,0,0,0,0,0,0,0,0,0,0,0
6/23/2016,0,0,0,0,0,0,0,0,0,0,0
6/24/2016,0,0,0,0,0,0,0,0,0,0,0
6/27/2016,0,0,0,0,0,0,0,0,0,0,0
6/28/2016,0,0,0,0,0,0,0,0,0,0,0
6/29/2016,0,-0.009877404,0,0.01355665,0,0,0,0,0,0,-0.014926135
6/30/2016,-0.000915886,0,0,0,0,-0.001818689,-0.005997262,0,0,0,0
7/1/2016,0,0,0,0,0,0,0,0,0,0,0
7/4/2016,0,0,0,0,0,0,0,0,0,0,0.019937664
7/5/2016,0,-0.005426414,-0.004851266,0,0,0,-0.00347997,0,5.99E-05,0,0
7/6/2016,0,0,0,0,0,0,0,0,0,0,0
7/7/2016,0,0,0,0,0,0,0,0,0,0,0
7/8/2016,0,0,0,0,0,0,0,0,0,0,0
7/11/2016,0,0,0,0,0,0,0,0,0,0,0
7/12/2016,0,0,0,0,0,0,0,0,0,0,0
7/13/2016,0,0,0,0,0,0,0,0,0,0,0
7/14/2016,0,0,0,0,0,0,0,0,0,0,0
7/15/2016,0,0,0,0,0,0,0,0,0,0,0
7/18/2016,0,0,0,0,0,0,0,0,0,0,0
7/19/2016,0,-0.0021945,0,0,0,0,-0.008420523,0,0,0,0.004641279
7/20/2016,0,0,0.005152143,0,0,0,0,0,0,0,0
7/21/2016,0,0,0,0,0,0,0,0,0,-0.000139412,0
7/22/2016,0,0,0,0,0,-0.001286009,0,0,0,0,0
7/25/2016,-0.005173391,0,0,0,0,0,-0.007549269,0,-0.004194175,0,0
7/26/2016,0,0.00349847,0,0.014009118,0,0,0,0,0,0,0
7/27/2016,0,0,0,0,0,0,0,0,0,6.68E-05,0
7/28/2016,0,0,0,0,0.01112731,0,0,0,0.010456868,0,0
7/29/2016,0,0,0.022385417,0,0,0,0,0,0,0,0
8/1/2016,0,0,0,0,0,0,0,0,0,0,0
8/2/2016,0,0,0,0,0,0,0,0,0,0,0
8/3/2016,0,0,0,0,0,0,0,0,0,0,0
8/4/2016,0,0,0,0.010418207,0,0,0,0,0,0,0
8/5/2016,0,0,0,0,0,0,0,0,0,0,0
8/8/2016,0,0,0,0,0,0,0,0,0,0,0
8/9/2016,0,0,0,0,0,0,0,0,0,0,-0.00012179
8/10/2016,0,0,0,0,0,0,0,0,0,0,0
8/11/2016,0,0,0,0,0,0,0,0,0,0,0
8/12/2016,0,0,0,0,0,0,0,0,0,0,0
8/15/2016,0,0,0,0,0,0,0,0,0,0,0
8/16/2016,0.007741018,0,0,0,0.008285209,0,0,0,0,0,0
8/17/2016,0,0,0,0,0,0,0,0,0,0,0
8/18/2016,-0.003781462,0,0,0,-0.000538596,-0.00476768,0,0,0,0,0
8/19/2016,0,0,0,0,0,0,0,0,0,0,0
8/22/2016,0,0,0,0,0,0,0.013538316,0,0,0,0
8/23/2016,0,0,-0.003895613,0,0,0,0,0,0,0,0
8/24/2016,0,0,0,0,0,0,0,0,0,0,0
8/25/2016,0,0,0,0,0,0,0,0,0,0,0
8/26/2016,0,0,0,0,0,0,0,0,0,-0.000225716,0
8/29/2016,0,0,0,0,0,0,0,0,0,0,0
8/30/2016,0,0,0,0,0,0,0,0,0,0,0
8/31/2016,0,0,0,0,0,0,0,0,0,0,0.016470031
9/1/2016,0,0,0,0,0,0,0,0.019569492,0,0,0
9/2/2016,0,0,0,0,0,0,0,0,0,0,0
9/5/2016,0,0,0,0,0,0,0,0,0,0,0
9/6/2016,0,0,0,-0.005872523,0,0,0,0,0,0,0
9/7/2016,0,0,0,0,0,0,0,0,0,0,0
9/8/2016,0,0,0,0,0,0,0,0,0,0,0
9/9/2016,0,0,0,0,0,0,0,0,0,0,0
9/12/2016,0,0,0,0,0,0,0,0,0,0,0
9/13/2016,-0.003881641,0,0,0,0,0,0,0,0,0,0
9/14/2016,0,0,0,0,0,0,0,0,0,0,0
9/15/2016,0,0,0,0,0,0,0,0,0,0,0
9/16/2016,0,0,0,0,0,0,0,0,0,0,0
9/19/2016,0,0,0,0,0,0,0,0,0,0,0
9/20/2016,0,0,0,0,0,0,0,0,0,0,0
9/21/2016,0,0,0,0.016492817,0,0,0,0,0,0,0
9/22/2016,0,0.00543514,0,0,0,0,0,0,0,0,0
9/23/2016,0,0,0,0,0,0,0,0,0,0,0
9/26/2016,0,0,0,0,-0.001946138,0,0,0,0,0,0
9/27/2016,0,0,0,0,0,0,0,0,0,0,0
9/28/2016,0,0,0,0,0,0,0,0,0.004799495,0,0
9/29/2016,0,0,0,0,0,0,0.029086361,0,0,0,0
9/30/2016,0,0,0,0,0,0,0,0,0,0,0
10/3/2016,0,0,0,0,0,0,0,0,0,0,0
10/4/2016,0.014109918,0,0,0,0,0,0,0,0.007820205,0,0
10/5/2016,0,0,0,0,0,0,0,0,0,-7.10E-05,0
10/6/2016,0,0,0,0,0,0,0,0,0,0,0
10/7/2016,0,0,0,0,0,0,0,0,0,0,0
10/10/2016,0,0,0,0,0,0,0,0,0,0,0
10/11/2016,0,-0.006792708,0,0,0,0,0,0,0,-0.00016125,0
10/12/2016,0,0,0,0,0,0,0,0,0,0,0
10/13/2016,0,0,0,-0.005211272,0,0,0,0,0,0,0
10/14/2016,0,0,0,0,0,0,0,0,0,0,0
10/17/2016,0,0,0.007995242,0,0,0,0,0,0,0,0
10/18/2016,0,0,0,0,0,0,-0.002625837,0,0,0,0
10/19/2016,0,0,0,0,0,0,0,0,0,0,0
10/20/2016,0,0,0,0,0,0,0,0,0,0,0
10/21/2016,0,0,0,0,0,0,0,0,0,0,0
10/24/2016,0,0,0,0,0,0,0,0,0,0,0
10/25/2016,0,0.012373438,0.013164915,0.000258658,0,0,0,0,0,0,-0.004251755
10/26/2016,0,0,0,0,0,0,0,0,0,0,0
10/27/2016,0,0,0,0,0,0,0,0,0,0,0
10/28/2016,-0.003738304,0,0,0,0,0,0,0,0,0,0
10/31/2016,0,0,0,0,0,0,0,0,0,0,0
11/1/2016,0,0,0.004252511,0,0,0,0,0,0,0,0
11/2/2016,0,0,0,0,0,0,0,0,0,0,0
11/3/2016,0,0,0,0,0,0,0,0,0,-0.000174204,0
11/4/2016,0,0,0,0,0,0.009080424,0,0,0,0,0
11/7/2016,0,0,0,0,0.029907074,0,0.046808831,0,0,0,0
11/8/2016,0,0,0,0,0,0,0,0,0,0,0
11/9/2016,0,0,0,0,0,0,0,0,0,0,0
11/10/2016,0,0,0,0,0,0,0,0,0,0,0
11/11/2016,0,0,0,0,0,0,0,0,0,0,0
11/14/2016,0,0,0,0,0,0,0,0,0,0,0
11/15/2016,0,-0.006302238,0.014185246,0,0,0,0,0,0,0,0
11/16/2016,0,0,0,0,0,0,0,0,0,0,0
11/17/2016,0,0,0,0,0,0,0,0,0,0,0
11/18/2016,0.007552059,0,0,0,0,0,0,0.000857564,0,0,0
11/21/2016,0,0,0,0,0,0,0,0,0,0,0
11/22/2016,0,0,0,0,0,0,0,0,0,0,0
11/23/2016,0,0,0,0,0,0,0,0,0,0,0
11/24/2016,0,0,0,0,0,0,0,0,0,0,0
11/25/2016,0,0,0,0,0,0,0,0,0,0,0
11/28/2016,0,0,0,0,0,0,0,0,0,-0.000122635,0
11/29/2016,0,0,0,0,0,0,0,0,0,0,0
11/30/2016,0,0,0,0,0,0,0,0,0,0,0
12/1/2016,0,0,0,0,0,0,0,0,0,0,0
12/2/2016,-0.005448143,0,0,0,-0.00485761,0,0,0,0,0,0
12/5/2016,0,0.001239862,0,0,0,0,0,0,0,0,0
12/6/2016,0,0,0,0,0,0,0,0,-0.002388457,0,0
12/7/2016,0,0,0,0,0,0,0.026457393,0,0,0,0
12/8/2016,0,0,0,0,0,0,0,0,0,0,0
12/9/2016,0,0,0,0,0,0,0,0,0,0,0
12/12/2016,0,0,0,0,0,0,0,0,0,0,0
12/13/2016,0,0,0,0,0,0,0,0,0,0,0
12/14/2016,0,0,0,0,0,0,0,0,0,0,0
12/15/2016,0,0,0,0.03476038,0,0,0.019205711,0,0,0,0
12/16/2016,0,0,0,0,0,0,0,0,0,0,0
12/19/2016,0,0,0,0,0,0,0.006029677,0,0,0,0
12/20/2016,0,0,0,0,0,0,0,0,0,0,0
12/21/2016,0,0.011302075,0,0,0,0,0,0,0,0,0
12/22/2016,0,0,0,0,0,0,0,-0.005968215,0,0,0.002995499
12/23/2016,0,0,0,0,0,0,0.0042504,0,0,0,0
12/26/2016,0,0,0,0,-0.000952902,0,0,0,0,0,0
12/27/2016,0,0,0,0,0,0,0,0,0.000621994,5.78E-05,0
12/28/2016,0,0,0,0,0,0,0,0.007945493,0,0,0
12/29/2016,0,0,0,0,0,0,0,0,0,0,0
12/30/2016,0,0,0,0,0,0,0,0,0,0,0
1/2/2017,0,0,0,0,0,0,0,0,0,0,0
1/3/2017,0,0,0,0,0,0,0,0,0,0,0
1/4/2017,0,0,0,0,0,0,0,0,0,0,0
1/5/2017,0.012757382,0,0,0,0,0,0,0,0,0,-0.006188165
1/6/2017,0,0,0,0,0,0,0,0,0,0,0
1/9/2017,0,0,0,0,0,0,0,0,0,0,0
1/10/2017,0,0,0,0,0,0,0,0,0,0,0
1/11/2017,0,0,0,0,0,0,0,0,0,0,0
1/12/2017,0,0,0,0,0,0,0,0,0,0,0
1/13/2017,0,0,0,0,0,0,0,0,0,0,0
1/16/2017,0,0,0,0,0,0,0,0,0,0,0
1/17/2017,0,0,0,0.011869554,0,0,0,0.017749986,0.003788979,0,0
1/18/2017,0,0,0,0,0,0,0,0,0,0,0
1/19/2017,-0.003882299,0,0.008136324,0,0,0,0,0,0,0,0
1/20/2017,0,0,0,0,0,0,0,0,0,0,0
1/23/2017,0,0.007274554,0,0,0,0,0.007623715,0,0,0,0
1/24/2017,0,0,0,0,0,0,0,0,0,0,0
1/25/2017,0,0,0,0,0,0,0,0,0,0,0
1/26/2017,0,0,0,0,0,0,0,0,0,0,0
1/27/2017,-0.00405658,0,0,0,0,0,0,0,0,0,0
1/30/2017,0,0,0,0,0,0,0,0.004365061,0,0,0
1/31/2017,0,0,0,0.00704001,0,0,0,0,0,0,0
2/1/2017,0,0,0,0,0,0,0,0,0,0,0
2/2/2017,0,0,0,0,0,0,0,0,0,0,0
2/3/2017,0,0,0,0,0,0,0,0,0,0,0
2/6/2017,0,0,0,0,0,0,-0.008289869,0,0,0,0
2/7/2017,0,0.012581153,0,0,0,0,0,0,0,0,0
2/8/2017,0,0,0,0,0,0,0,0,0,0,0
2/9/2017,0,0,0,0,0,0.004656715,0,0,0,0,0
2/10/2017,0,0,0,0,0,0,0,0,0,0,0
2/13/2017,0,0,0,0,0,0,0,0,0,0,0
2/14/2017,0,0,0.0072729,0,0,-0.003795965,0,0,0,0,0
2/15/2017,0,0,0,0,0,0,0,0,0,0,0
2/16/2017,0,0,0,0,0,0,0,0,0,0,0
2/17/2017,0,0,0.019316866,0,0,0,0,0,0,0,0
2/20/2017,0,0,0,0,0,0,0,0,0,0,0
2/21/2017,0,0,0,0,0,0,-0.001568546,0,0,0,0
2/22/2017,0,0,0,0,0,0,0,0,0,0,0
2/23/2017,0,0,0,0,0,0,0,0,0,0,0
2/24/2017,0,0,0,0,0,0,0,0,0,0,0
2/27/2017,0,0,0,0,0,0,0,0,0,0,0
2/28/2017,0,0,0,0,0,0,0,0,0,0.000167173,0
3/1/2017,0,0,0,0,0,0,0,0,0,0,0.018435018
3/2/2017,0,0,0,0,0,0,0,0,0,0,0
3/3/2017,0,0,0,0,0,0,0,0,0,0,0
3/6/2017,0.001821237,0,0,0,0,0,-0.004136839,0,0,0,0
3/7/2017,0,0,0,0,0,0,0,0,0,0,0
3/8/2017,0,0,0,0,0,0,0,0,0,0,0
3/9/2017,-0.003094903,0,0,0,0,0,0,0,0,0,0
3/10/2017,0,0,0,0,0,0,0,0,0,0,0
3/13/2017,0,0,0,0,0,0,0,0,0,0,0
3/14/2017,0,0,0,0,0,-0.002975231,0,0,0,0,0
3/15/2017,0,0.00819334,0,0.011984374,0,0,0,0,0,0,0
3/16/2017,0.01368287,0,0,0,0,0,0.030876334,0,0,0,0
3/17/2017,0,0,0,0,0,0,0,0,0,0,0
3/20/2017,0,0,0,0,0,0,0,0,0,0,0
3/21/2017,0,0,0,0,0,0,0,0,0,0,0
3/22/2017,0,0,0,0,0,0,0,0,0,9.61E-05,0
3/23/2017,0,0,0,0,0,0,0,0,0,0,0
3/24/2017,0,0,0,0,0,0,0,0.003099902,-0.002376597,0,0
3/27/2017,0,0,-0.005342727,0,0,0,0.001342495,0,0,0.000219647,-0.002323134
3/28/2017,0,0,0,0,0,0,0,0,0,0,0
3/29/2017,0,0,0,0,0.015886631,0,0,0,0,-0.000160069,0
3/30/2017,0,0,0,0,0,0,0,0,0,0,0
3/31/2017,0,0,0.012039125,0,0,0,0,0,0,0,0
4/3/2017,0,0,0,0,0,0,0,0,0,0,0
4/4/2017,0,0,0,0,0,0,0,0,0,0,0
4/5/2017,0,0,0,0,0,0,0,0,0,0,0
4/6/2017,0,0,0,-0.000881097,0,-0.003581035,0,0,0,0,0.000837953
4/7/2017,0,0,0,0,0,0,0,0,0,0,0
4/10/2017,0,0,0,0,0,0,0,0,0,0,0
4/11/2017,0,0,0.00964122,0,0,0,0,0,0,0,0
4/12/2017,0,0,0,0,0,0,0,0,0,0,0
4/13/2017,0,0,0,0.001040417,0.00837022,0,0,0,0,0.000147357,0
4/14/2017,0,0,0,0,0,0,0,0,0,0,0
4/17/2017,0.00660296,0,0,-0.003465364,0,0,0,0.000136629,0.001934787,0,0
4/18/2017,0,0,0,0,0,0,0,0,0,0,0
4/19/2017,0,0,0,0,0,0,0,0,0,0,0
4/20/2017,0,0,0,0,0,0,0,0,0,0,0
4/21/2017,0,0,0,0,0,0,0,0,0,0,0
4/24/2017,0,0,0,-0.001781775,0,0,0.022001913,0,0,0,0
4/25/2017,0,0,0,0,0,0,0,0,0,0,0.008339818
4/26/2017,0,0,0,0,0,0,0,0,0,0,0
4/27/2017,0,0,0,0,0,0,0,0,0,0,0
4/28/2017,0,0,0,0,0,0,0.00959273,0,0,-0.000596048,0
5/1/2017,0,0,0,-0.005114887,0,0,0,0.00483741,0.005364944,0,0
5/2/2017,0,0,0,0,0,0.001451203,0,0,0,0.000429812,-0.00293053
5/3/2017,0,0,0,0,0,0,0,0,0,0,0
5/4/2017,0,0,0,0,0,0,0,0,0,0.000777772,0
5/5/2017,0,0,0,0,0,0,0,0,0,0,0
5/8/2017,0,0,0,0,0,0,0,0,0,0,0
5/9/2017,0,0,0,0,0,0,0,0,0,0,0
5/10/2017,0,0,0,0,0,0,0,0,0,-8.56E-05,0
5/11/2017,0,0,0,0,0,0,0,0,0,0,0
5/12/2017,0,0,0,0,0,0,0,0,0,0,0
5/15/2017,0,0,0,0,0,0,0,0,0,0,0
5/16/2017,0,0,0,0,0,0,0,0,0,0,0
5/17/2017,0,0,0,0,0,0,0,0,0,0,0
5/18/2017,0,0,0,0,0,0,0,0,0,-0.000636755,0
5/19/2017,0,0,0,0,0,0,0,0,0,0,0
5/22/2017,0,0.009377163,0,0,0,0,0,0,0,0,0
5/23/2017,0,0,0,0,0,0,0,0,-0.002316911,0,0
5/24/2017,-0.004560557,0,0,0,0,0,0,0,0,0,0
5/25/2017,0,0,0,0,0,0,0,0,0,0,0
5/26/2017,0,0,0,0,0,0,0,0,0,0,0
5/29/2017,0,0,0,0,0,0,0,0,0,0,0
5/30/2017,0,-0.002660245,0.006161927,0,0,0,0.015098414,0,-0.002494754,0,0
5/31/2017,0,0,0,0,0,0,0,0,0,-0.00046191,0
6/1/2017,0,0,0,0,0,0,0,0,0,0,0
6/2/2017,0,0,0,0,0,0,0,0,0,0,0
6/5/2017,0,0,0,0,0,0,0,0,0,0,-0.004541274
6/6/2017,0,0,0,0,0,0,0.002428655,0,0,0,0
6/7/2017,0,0,0,0,0,0,0,0,0,0,0
6/8/2017,0,0,0,0,0,0,0,0,0,0,0
6/9/2017,0,0,0,-0.004205287,0,0,0,0,0,0,0
6/12/2017,0,0,0,0,0,0,0,-0.004012732,0,0,0
6/13/2017,0,0,0,0,0,0.011694014,0,0,-0.002016011,0,0
6/14/2017,0,0,0,0,0,0,0,0,0,-0.000146108,0
6/15/2017,0,0,0,0,0,0,0,0,0,0,0
6/16/2017,0,0,0,0,0,0,0,0,0,0,0
6/19/2017,7.77E-05,0,0,0,0,0,0,0,0,0,0
6/20/2017,0,0,0,0,0,0,0.007080201,0,0,0,0
6/21/2017,0,0,0,0,0,0,0,0,0,0,0
6/22/2017,0.01829749,0,0,0,0.025538651,0,0,0,0,-0.000502721,0
6/23/2017,0,0.003083245,0,0,0,0,0,0,0,0,0.025749632
6/26/2017,0,0,0,0,0,0,0.017477997,0,0,0,0
6/27/2017,0,0,0,0,0,0.021049834,0,0,0,0,0
6/28/2017,0,0,0,0,0,0,0,0,0,0,0
6/29/2017,0,0,0,0,0,0,0,0,0,0,0
6/30/2017,0,-0.00328716,0,0,0,0,0,0,0,0,0
7/3/2017,0,0,0,0,0,0,0,0,0,0,0
7/4/2017,0,0,0,0,0,0,0,0,0,0,0
7/5/2017,0,0,0,0,0,0,0.000223317,0,0,0,0
7/6/2017,0,0,0,0,0,0,0,0,0,0,0
7/7/2017,0,0,0,0,0,0,-0.005090897,0,0,0,0
7/10/2017,0,0,0,0,0,0,0,0,0,0,0
7/12/2017,0,-0.001441545,0,0.044965154,0.009528123,0,0,-0.002953939,0,0,0
7/13/2017,0,0,0,0,0,0,0,0,0,0,0
7/14/2017,0,0,0,0,0,0,0,0,0,0,0
7/17/2017,0,0,0,0,0,0,0,0,0,0,0
7/18/2017,0,0,0.007362024,0,0,0,0.002818215,0,0,0,0
7/19/2017,0,0,0,0,0,0,0,0,0,0,0
7/20/2017,0,0.008499327,0,0,0,0,0,0,0,0,-0.003176375
7/21/2017,0,0,0,0,0,0,0,0,0,0,0
7/24/2017,0,0,0,0,0,0,0,0,0,-0.000586957,0
7/25/2017,0,0,0,0,0,0,0,0,0,0,0
7/26/2017,0,-0.003605869,0,0,0,0,0,0,0,0.000770652,0
7/27/2017,0,0,0.00076562,0,0,0,0,0,0,0,0
7/28/2017,0,0,0,0,0,0,0,0,0,0,0
7/31/2017,0,0,0,0,0,0,0,0,0,0,-0.004839054
8/1/2017,-0.007952535,-0.003379839,0,-0.004130224,0,0,0,0,0,0,0
8/2/2017,0,0,0,0,0,0,0,0,0,0,0
8/3/2017,0,0,0,0,0,0,0,0,0,0,0
8/4/2017,0,0,0.01066324,0,0,0,0,0,0,0,0
8/7/2017,0,0,0,0,0,0,0,0,0,-2.86E-05,0
8/8/2017,-0.002651811,0,0.004431154,0,0,0,0.00026104,0,0,0,0
8/9/2017,0,0,0,0,0,-0.004355478,0,0,0,0,0
8/10/2017,0,0,0,0,0,0,0,0,0,0,0
8/11/2017,0,0,0,0,0,0,0,0,0,0.000481726,0
8/14/2017,0,0,0,0,0,0,0,0,0,0,0
8/15/2017,0,0,0,0,0,-0.003604924,0,0,0,0,0
8/16/2017,0,0,0,0,0,0,0,0,0,0,0
8/17/2017,0,0,0,0,0,0,0,0,0,0,0
8/18/2017,0,0,0,0,0,0,0,0,0,0,0
8/21/2017,0,0,0,0,0.016426519,0,0,0,0,0,0
8/22/2017,0,0,0,0,0,0.003867492,0,0,0,0,0
8/23/2017,-0.005011268,0,0,0,0,0,0,0,0,0,0
8/24/2017,0,0,0.015611685,0,0,0,0,0,0,0,0
8/25/2017,0,0,0,0,0,0,0,0,0,0,0
8/28/2017,0,0,0,0,0,0,0,0,0,0,0
8/29/2017,0,0,0,0,0,0,0,0,0,0,0
8/30/2017,0,0,0,0,0,0,0,0,0,0,0
8/31/2017,0,0,0,0,0,0,0,0,0,0,0
9/1/2017,0,0,0,0,0,0,0,0,0,0,0
9/4/2017,0,0,0,0,0,0,0,0,0,0,0
9/5/2017,-0.005227206,0,0,0.005837924,0,0.015966235,0,0.013948655,0,-0.000464421,0
9/6/2017,0,0,0,0,0,0,0,0,0,0,0
9/7/2017,0,0,0,0,0,0,0,0,0,0,0
9/8/2017,0,0,0,0,0,0,0,0,0,0,0
9/11/2017,0,0,0,0,0,0,0,0,0,0,0
9/12/2017,0,0,0.024686878,0,0,0,0,0,0,0,0
9/13/2017,0,0,0,0,0,0,0,0,0,0,0
9/14/2017,0,0,0,0,0,0,0,0,0,0,0
9/15/2017,0,0,0,0,0,0,0,0,0,-0.000519887,0
9/18/2017,0,0,0,0,0,0,0,0,0,0,0
9/19/2017,0.006194468,0,0,0,-0.004548694,0,0,0,0,0,0
9/20/2017,0,0,0,0,0,0,0,-0.007942347,0,0,0
9/21/2017,0,0,-0.00403467,0,0,0,0,0,0,0,0
9/22/2017,0,0,0,0,0,0,0,0,0,0,0
9/25/2017,0,0,0,0,0,0,0,0,0,0,0
9/26/2017,0,0,0,0.01219175,0,0,0,0,0,0,0
9/27/2017,0,0,0,0,0,0,0,0,0,0,0
9/28/2017,0,0,0,0,0,0,0,0,0,0,0
9/29/2017,-0.005652253,0,0,0,0,0,-0.000822449,0,0,0,0
10/2/2017,0,0,0,0.007871195,0,0,0,0,0,0,0.015444523
10/3/2017,0,0,0,0,0,0,0,0,0,0,0
10/4/2017,0,0,0,0,0,0,0,0,0,0,0
10/5/2017,0,0.004473446,0,0,0,0,0,0,0,0,0
10/6/2017,0,0,0,0,0,0,0,0,0,0,0
10/9/2017,0,0,0,0,0,0,0,0,0,0,0
10/10/2017,-0.000803852,0,0,0.008662791,0,0,0,0,0,0,0
10/11/2017,0,-0.003081407,0,0,0,0,0,0,0,0,0
10/12/2017,0,0,0,0,0,0,0,0,0,0,0
10/13/2017,0,0,0,0,0,0,0,0,0,0,0
10/16/2017,0,0,0,0,0,0,0,0,0,0,0
10/17/2017,0.013914611,0,0,0,0,0,0,0,0,0,0
10/18/2017,0,0,0.013856991,0,0,0,0,0,0,0,0
10/19/2017,0,0,0,0,0,0,0,0,0,0,0
10/20/2017,0,0,0,0,0,0,0,0,0,0,0
10/23/2017,0,0,0,0,0,0,0,0,0,0,0
10/24/2017,0,0,0,0,0,0,0,0,0,0,0
10/25/2017,0,0,0,0,-0.003029624,0,0,0,0,0,0
10/26/2017,0,0,0,0,0,0,0,0,0,0,0
10/27/2017,0,0,0,0,0,0,0,0,0,-0.000436996,0
10/30/2017,0,0,0,0,0,0,0,0,0,0,0
10/31/2017,0,0,0,0,-0.003783979,0,0,0,0,0,0
11/1/2017,0,0,0,0,0,0,0,0,0,0,0
11/2/2017,0,0,0,0,0,0.014698028,0,0,0,0,0
11/3/2017,0,0,0,0,0,0,0,0,0,0,0
11/6/2017,0,0,0,0,0,0,0,0,0,0,0
11/7/2017,0,0,0,0,0,0,0,0,0,0,0
11/8/2017,0,0,0,0,0,0,0,0,0,0,0
11/9/2017,0,0,0,0,0.010333221,0,0,-0.005918337,0.00237252,0,0
11/10/2017,0,0,0,0,0,0,0,0,0,0,0
11/13/2017,0,0,0,0,0,0,0,0,0,0,0
11/14/2017,0,0,0,0,0,0,0,0,0,0,0
11/15/2017,0,0,0,0,0,0,0,0,0,0,0.013237147
11/17/2017,0,0,0,0,0,0,0,0,0,0,0
11/20/2017,0,0,0,0,0,0,0,0,0,0,0
11/21/2017,0,0,0,0,0,0,0,0,0,0,0
11/22/2017,0,0,0,0,0,0,0,0,0,0,0
11/23/2017,0,0,0,0,0,0,0,0,0,0,0
11/24/2017,0,0,0,0,0,0,0,0,0,0,0
11/27/2017,0,0,0,0,0,0,0,0,0,0,0
11/28/2017,0,0,0,0,0,0,0,0,0,0,0
11/29/2017,0,0,0,0,0,0,0,0,0,0,0
11/30/2017,0,0,0,0,0,0,0,0,0,0,0
12/1/2017,0,0,0,0,0,0,0,0,0,0,0
12/4/2017,0,0,0,0,0,0,0,0,0,0,0
12/5/2017,0.005581568,0,0.001185944,0,0,0,0,0.00931748,0,0,0
12/6/2017,0,0,0,0,0,0,0,0,0,0,0
12/7/2017,0,0.003857191,0,0,0,0,0,0,0,0,0
12/8/2017,0,0,-0.003035101,0,0,0,0,0,0,0,0
12/11/2017,0,0,0,0,0,0,0,0,0,0,0
12/12/2017,0,0,0,0,0,0,0,0,0,0,0
12/13/2017,0,0,0,0,0,0,0,0,0,0,0
12/14/2017,0,0,0,0,0.007197485,0,0,0,0,0,0.000107709
12/15/2017,0,0,0,0,0,0,0,0,0,0,0
12/18/2017,0,0,0,0,0,0,0,0,0,0,0
12/19/2017,0,0,0,0,0,0,0,-0.004741608,0,0,0
12/20/2017,0,0,0,0,0,0,0,0,0,0,0
12/21/2017,0,0,0,0.01438029,0,0,0,0,0,0,0
12/22/2017,0,0,0,0,-0.003732672,0,0,0,0,0,0
12/25/2017,0,0,0,0,0,0,0.004303038,0,0.00449121,0,0
12/26/2017,0,0,0,0,0,0,0,0,0,0,0
12/27/2017,0,0,0,0.012792576,0,0.010798218,0,0,0,0,0
12/28/2017,0,0,0,0,0,0,0,0,0,6.87E-05,0
12/29/2017,0,0,0,0,0,0,0,0,0,0,0
1/1/2018,0,0,0,0,0,0,0,0,0,0,0
1/2/2018,0,0,0,0,-0.001531678,0,0,0,0.000323741,0.0008109,0.001004145
1/3/2018,0,0,0,0,0,0,0,0,0,0,0
1/4/2018,0,0,0,0,0,-0.002280107,0,0,0,0,0
1/5/2018,0,0,0,0,0,0,0,0,0,0,0
1/8/2018,0,0,0,0,0,0,0,0,0,0,0
1/9/2018,0,0,0,0,0,0,0,0.011449785,0,0,0
1/10/2018,0,0,0,0,0,0,0,0,0,0,0
1/11/2018,0,0,0,0,0,0,0,0,0,0,0
1/12/2018,0,0,0,0,0,0,0,0,0,0,0
1/15/2018,0,0,0,0,0,0,0,0,0,0,0
1/16/2018,0,0.00983276,0,0,0,0,0,0,0,0,0
1/17/2018,0.015979921,0,0,0.008813027,0.008744645,0,0.011339178,-0.006756721,0,0,0.029814304
1/18/2018,0,0,0.000278322,0,0,0,0,0,0,0,0
1/19/2018,0,0,0,0,0,0,0,0,0,0,0
1/22/2018,0,0,0,0,0,0,0,0,0,0,0
1/23/2018,0,0,0,0,0,0,0,0,0,0,0
1/24/2018,0,0,0,0,0,0,0,0,0,0,0
1/25/2018,0,0,0,0,0,0,0,0,0,0,0
1/26/2018,0,0,0,0,0,0,0,0,0,0,0
1/29/2018,0,0,0,0,0,0,0,0,0,0,0
1/30/2018,0,0,0,0,0,0,0,0,0,0,0
1/31/2018,0,0,0,0,0,0,0,0,0,0,0
2/1/2018,0,0,0,0,0,0,0,0,0,0,0
2/2/2018,0,0,0,0,0,0,0,0,0,0,0
2/5/2018,0,0,0,0,0,0,0,0,0,0,0
2/6/2018,0,0,0,0,0,0,0.017173914,0,0,0,0
2/7/2018,0,0,0,0,0,0,0,0,0,0,0
2/8/2018,0,0,0,0,0,0,0,0,0,0,0
2/9/2018,0,0,0,0,0,0,0,0,0,0,0
2/12/2018,0,0,0,0,0.009010394,0,0,0,0,0,0
2/13/2018,-0.0002,0,0,0,0,0,0.009704752,0,0,0,0.008898882
2/14/2018,0,0,0,0,0,0,0,0,0,0,0
2/15/2018,0,0,0,0,0,0,0,0,0,0,0
2/16/2018,0,0,0.007128056,0,0,0,0,0,0,0,0
2/19/2018,0,0,0,0,0,0,0,0,0,0,0
2/20/2018,0,0,0,0,0,0,0,0,0,0,0
2/21/2018,0,0,0,0,0,0,0,0,0,0,0
2/22/2018,0,0,0,0,0,0,0,0,0,0,0
2/23/2018,0,0,0,0,0,0,0,0,0,0,0
2/26/2018,0,0,0,-0.004960919,0,0,0,0,0,0,0
2/27/2018,0,0,-0.005201249,0,0,0,0,0,0,0,0
2/28/2018,0,0,0,0,0,0,0,0,0,0,0
3/1/2018,0,0,0,0,0,0,0,0,0,0,0
3/2/2018,0,0,0,0,0,0,0,0,0,0,0
3/5/2018,0,0,0,0,0,0,0,0,0,0,0
3/6/2018,0,0,0,0,0,0,0,0,0,0,0
3/7/2018,0,0,0,0,0,0,0,0,0,0,0
3/8/2018,0,0,0,0,0,0,0,0,0,0,0
3/9/2018,0,0,0,0,0,0,0,0,0,0,0
3/12/2018,0,0,0,0,0,0,0,0,0,0,0
3/13/2018,0,0,0,0,0,0,0,0,0,0,0
3/14/2018,0,0.013686018,0,0,0,0,0,0,0,0,0
3/15/2018,0,0,0,0,0,0,0,0,0,0,0
3/16/2018,0,0,0,0,0,0,0,0,0,0,0
3/19/2018,0,0,0,0,0,0,0,0,0,0,0
3/20/2018,0,0,0,0,0,0,0,0,0,0,0
3/21/2018,0,0,0,0,0,0.010424291,0,0,0,0,0
3/22/2018,0,0,0,0,0,0,-0.003403953,0,0,0,0
3/23/2018,0,0,0,0,0,0,0,0,0,0,0
3/26/2018,0,0,0,0,-0.003451671,0,0,0,0,0,0
3/27/2018,0,0,0,0,0,0.002432972,0,0,0,0,0
3/28/2018,0,0,0,0,0,0,0,0,0,0,0
3/29/2018,0,0,0,0,0,0,0,0,0,0,0
3/30/2018,0,0,0,0,0,0,0,0,0,0,0
4/2/2018,0,0,0,0,0,0,0,0,0,0,0
4/3/2018,0,0,0,0,0,0,0,0,0,0,0
4/4/2018,0,0,0,0,0,0,0,0,0,0,0
4/5/2018,0,0,0,0,0,0,0,0,0,-0.000192368,0
4/6/2018,0,0,0,0,0,0,0,0,0,0,0
4/9/2018,0,0,0,0,0,0,-0.00091994,0,0,0,0
4/10/2018,0,0,0,0,0,0,0,0,0,0,0
4/11/2018,0,0,0,0,0,0,0,0,0,-0.00031456,0
4/12/2018,0,0,0,0,0,0,0,0,0,0,0
4/13/2018,0,0,0,0,0,-0.004977583,0,0,0,0,0
4/16/2018,0,0,0,0,0,0,0,0,0,0,0
4/17/2018,0,0,0,0,0,0,0,0,0,0,0
4/18/2018,0,0,0,0,0,0,0,0,0,0,0
4/19/2018,0,0,0,0,0,0,0,0,0,0,0
4/20/2018,0,0,0,0,0,0,0,0,0,0,0
4/23/2018,0,0,0,0,0,0,0,0,0,0,0
4/24/2018,0,-0.003551178,0,0,0,0,0,0,0,0,0
4/25/2018,0,0,0,0,0,0,0,0,0,0,0
4/26/2018,0,0,0.015849088,0,0,0,0,0,0,0,0
4/27/2018,0,0,0,0,0,0,0,0,0,0,0
4/30/2018,0,0,0,0,0,0,0,0,0,0,0
5/1/2018,0,0,0,0,0,0,0,0,0,0,0
5/2/2018,0,0,0,0,0,0,0,0,0,0,0
5/3/2018,0,0,0,0,0,0,0,0,0,0,0
5/4/2018,0,-0.001388912,0,0,0,0,0,0,0,0,0
5/7/2018,0,0,0,0,0,0,0,0,0,0,0
5/8/2018,0,0,-0.002429738,0.003206273,0,-0.001627079,0,0,0,0,0
5/9/2018,-0.000129924,0,0,0,0,0,0.009200798,0,0,-0.000314554,0
5/10/2018,0,0,0,0,0,0,0,0,0,0,0
5/11/2018,0,0,0,0,0,0,0,0,0,0,0
5/14/2018,0,-0.003838573,0,0,0,0,0,0,0,0,-0.007017874
5/15/2018,0,0,0,0,0,0.001793313,0,0,0,0,0
5/16/2018,0,0,0,0,0,0,0,0,0,0,0
5/17/2018,0,0,0,0,0,0,0,0,0,0,0
5/18/2018,0,0,0,0,0,0,0,0,0,0,0
5/21/2018,0,0,0,0,0,0,0,0.002977964,0,0,0
5/22/2018,0.006219887,0,0,0,0,-0.004744631,0,0,0,0,0
5/23/2018,0,0,0,0,0,0,0,0,0,0,0
5/24/2018,0,0,0,0,0,0,0,0,0,0,0
5/25/2018,0,0,0,-0.00088857,0.001819033,0,0,0,0,0,-0.000614116
5/28/2018,-0.003470078,0,0,0,0,0,0,0,0,0,0
5/29/2018,0,0,0,0,0,0,0,0,0,0,0
5/30/2018,0,0,0,0,0,0,0,0,0,0,0
5/31/2018,0,0,0,0,0,0,0,0,0,0,0
6/1/2018,0,0,0,0,0,0,0,0,0,0,0
6/4/2018,0,0,0,0,0,0,0,0,0.000398798,-0.00019996,0
6/5/2018,0,0,0,0,0,0,0,0,0,0,0
6/6/2018,0.000307627,0,0,0,0,0,0,-0.003361037,-0.001025233,-5.98E-05,0
6/7/2018,0,-0.00457399,0,0,0,0,0,0,0,0,0
6/8/2018,0,0,0,0.024431045,0,0,0,0.012632787,0,0,0
6/11/2018,0,0,0,0,0,0,0,0,0,0,0
6/12/2018,0,0,0,0,0,0,0,0,0,0,0
6/13/2018,0,0,0,0,0,0,0,0,0,0,0.012701134
6/14/2018,0,0,0,0,0,0,0,0,0,0,0
6/15/2018,0,0,0,0,0,0,0,0,0,0,0
6/18/2018,0,0,0,0,0,0,0,0,0,0,0
6/19/2018,0,0,0,0,0,0,0,0,0,0,0.000342255
6/20/2018,0,0,0,0,0,0,0,0,0,0,0
6/21/2018,0,0,0,0,0,0,0,0,0,0,0
6/22/2018,0,0,0,0,0,0,0,0,0,0,0
6/25/2018,0,0,0,0,0,0,0,0,0,0,0
6/26/2018,0,0,0,0,0,0,0,0,0,0,0
6/27/2018,0,0,0,0,0,0,0,0,0.000239885,0,0
6/28/2018,0,0,0,0,0,0,0,0,0,0,0
6/29/2018,0,0,0,0,0,0,-0.000100407,0,0,-0.00037335,0
7/2/2018,0,0,0,0,0,0,0,0,0,0,0
7/3/2018,0,0,0,0,0,0,0,0,0,0,0
7/4/2018,0,0,0,0,-8.33E-05,0,0,0,0,0,0
7/5/2018,0,0,0,0,0,0,0,0,0,0,0
7/6/2018,0,0,0,0,0,-0.003403311,0,0,0,0,0
7/9/2018,0,0,0,0,0,0,0,0,0,0,0
7/10/2018,0,0,0,0,0,0,0,0,0,-0.000212716,0
7/11/2018,0,0,0,0,0,0,0,0,0,0,0
7/12/2018,0,-0.003677554,0,0,0,0,0,0,0,0,0.015548054
7/13/2018,0,0,0,0,0,0,0,0,0,0,0
7/16/2018,0,0,0,0,0,0,0,0,0,0,0
7/17/2018,0,0,0,0,0,0,0,0,0,0,0
7/18/2018,0,0,0,0,0,0,0,0,0,0,0
7/19/2018,0,0,0,0,0,0,0,0,0,0,0
7/20/2018,0,0,0,0,0,0,0,0,0,0,0
7/23/2018,0,0,0,0,0,0,0,0,0,0,0
7/24/2018,0,0,0,0,0,0,0,0,0,0,0
7/25/2018,0,0,0,0,0,0,0,0,0,0,0
7/26/2018,0,0,0,0,0,0,0,0,0,0,0
7/27/2018,0,0,0,0,0,0,0,0,0,0,0
7/30/2018,0,0.003880974,0,0,0,0,0,0,0,0,0
7/31/2018,0,0,0,0.001210444,0,0,0,0,0,0,0
8/1/2018,0,0,0,0,0,0,0,0.015709859,0,0,0
8/2/2018,0,0,0,0,0,0,0,0,0.003453742,0,0
8/3/2018,0,0,0,0,0,0,0,0,0,0,0
8/6/2018,0,0,0,0,0,0,0,0,0,0,0
8/7/2018,0,0,0,0,0,0,-0.000910806,0,0,0,0
8/8/2018,0,0,0,0,0,0,0,0,0,0,0.018692294
8/9/2018,0,0,0,0,0,0,0,0,0,0,0
8/10/2018,0,0,0,0,0,0,0,0,0,0,0
8/13/2018,0,0,0,0,0,0,0,0,0,0,0
8/14/2018,0,0,0,0,0,0,0,0,0,0,0.008625682
8/15/2018,0,0,0,0,0,0,0,0,0,0,0
8/16/2018,0,0,0,0,0,0,0,0,0,0,0
8/17/2018,0,0,0.025812512,0,0,0,0,0,0,0,0
8/20/2018,0,0,0,0,0,0,0,0,0,0,0.011417646
8/21/2018,0,0,0,0,0,0,0,0,0,0,0
8/22/2018,0,0,0,0,0,0,0,0,0,-0.000340071,0
8/23/2018,0,0,0,0,0,0,0,0,0,0,0
8/24/2018,0,0,0,0,0,0,0,0,0,0,0
8/27/2018,0,0,0,0,0,0,0,0,0,0,0
8/28/2018,0,0,0,0,0,0,0,0,0,0,0
8/29/2018,0,0,0,0,0,0,0,0,0,0,0
8/30/2018,0,0,0,0,0,0.014914057,0,0,0,0,0
8/31/2018,0,0,0,0,0,0,0,0,0,0,0
9/3/2018,0,0,0,0,0,0,0,0,0,0,0
9/4/2018,0,0,0,0,0,0,0,0,0,0,0
9/5/2018,0,0,0,0,0,0,0,0,0,0,0
9/6/2018,0,0,0,0,0,-0.003682644,0,0,0,0,0
9/7/2018,0,0,0,0.002801859,0,0,0,0,0,0,0
9/10/2018,0,0,0,0,0,0,0,0,-0.002753242,0,0
9/11/2018,0,0,0,0,0,0,0.009619571,0,0,0,0
9/12/2018,0,0,0,0,0,0,0,0,0,0,0
9/13/2018,0,0,0,0,0,0,0,0,0,0,0.017154897
9/14/2018,0,0.005757043,0,0,0,0,0,0,0,0,0
9/17/2018,0,0,0,0,0,0,0,0,0,0,0
9/18/2018,0,0,0,0,0,0,0,0,0,0,0
9/19/2018,0,0,0,0,0,0,0,0,0,0,0
9/20/2018,0,0,0,0,0,0,0,0,0,0,0
9/21/2018,0,0,0,0,0,0,0,0,0,0,0
9/24/2018,0,0,0,0,0,0,0,0,0,0,0
9/25/2018,0,0,0,0,0,0,0,0,0,0,0
9/26/2018,0,0.007844372,0,0,0.021643792,0,0,0,-0.001842033,0,0
9/27/2018,0,0,0.010025342,0,0,0,0,0,0,0,0
9/28/2018,0,0,0,0,0,0,0,0,0,0,0
10/1/2018,0,0,0,0,0,0,0,0,0,0,0
10/2/2018,0,0,0,0,0,0,0,0.01693186,0,0,0
10/3/2018,0.002762953,0,0,0,0,0.016309011,0,0,0,0,0
10/4/2018,0,0,0,0,0,0,0,0,0,0,0
10/5/2018,0,0,0,0,0,0,0,0,0,0,0
10/8/2018,0,0,0,0,0,0,0,0,0,0,0
10/9/2018,0,0,0,0,0,0,0,0,0,0,0
10/10/2018,0,0,0,0,0,0,0,0,0,0,0
10/11/2018,0,0,0,0,0,0,0,0,0,0,0
10/12/2018,0,0,0,0,0,0,0,0,0,0,0
10/15/2018,0,0,0,0,0,0,0,0,0,0,0
10/16/2018,0,0,0,0,0,0,0,0,0,0,0
10/17/2018,0,0,0,0,0,0,0,0,0,0,0
10/18/2018,0,0,0,0,0,0,0,0,0.002843537,0,0
10/19/2018,0,0,0,0,0,0,0,0,0,0,0
10/22/2018,0,0,0,0,0,0,0,0,0,0,0
10/23/2018,0,0,0,0,0,0,0,0,0,0,0
10/24/2018,0,0,0,0,0,0,0,0,0,0,0
10/25/2018,0,-0.003308979,0,0,0,0,-0.003619108,0,0,0,0
10/26/2018,0,0,0,0,0,0,0,0,0,0,0
10/29/2018,0,0,0,0,0,0,0,0,0,0,0
10/30/2018,0,0,0,0,0,-0.001425721,0,0,0,0,0
10/31/2018,0,0,0,0,0,0,0,0,0,0,0
11/1/2018,0,0,0,0.022395299,0,0,0,0,0,0,0
11/2/2018,0,0,0,0,0,0,0,0,0,0,0
11/5/2018,0,0,0,0,0,0,0,0,0,0,0
11/6/2018,0,0,-0.003351658,0,0,0,0,0,0,0,-0.001826372
11/7/2018,0,0,0,0,0,0,0,0,0,0,0
11/8/2018,0,0,0,0,0,0,0,0,0,-0.00044533,0
11/9/2018,-0.002930046,0,0.007797116,0,-0.000976341,0,0,0,0,0,0.019374519
11/12/2018,0,0,0,0,0,0,0,0,0,-0.000243362,0
11/13/2018,0,0,0,0,0,0,0,0,0,0,0
11/14/2018,0,0,0,0,0,0,0,0,0,0,0
11/15/2018,0,0,0,0,0,0,0.005757832,0,0,0,0
11/16/2018,0,0,0,0,0,0,0,0,0,0,0
11/19/2018,0,0,-0.001248129,0,0,0,0,0,0,0,-0.005234165
11/20/2018,0,0,0,0,0,0,0,0,0,0,0
11/21/2018,0,-0.005220707,0,0,0,0,0,0,0,0,0
11/22/2018,0,0,0,0,0,0,0,0,0,0,0
11/23/2018,0,0,0,-0.004911986,0,0,-0.002353193,-0.006543417,-0.00180081,0,0
11/26/2018,0,0,0,0,0,0,0,0,0,0,0
11/27/2018,0,0,0,0,0,0,0,0,0,0,0
11/28/2018,0,0,0,0,0,0,0,0,0,0,0
11/29/2018,0,0,0,-0.002658066,0,0,0,0.010720822,0.00430677,0.001666247,0
11/30/2018,0,0,0,0,0,0,0,0,0,0,0
12/3/2018,0,0,0,0,0,0,-0.002470741,0,0,0,0
12/4/2018,0,0,0,0,0,0,0,0,0,0,0
12/5/2018,0,0,0,0,0,0.009932621,0,0,0,0,0
12/6/2018,0,0,0,0,0,0,0,0,0,0,0
12/7/2018,0,0.006117363,0,0,0,0,0,0,0,0,0
12/10/2018,-0.002178874,0,0,0.003863104,0,0,0,0,0.000966856,0,0.00907445
12/11/2018,0,0,0,0,0,0,0,0,0,0,0
12/12/2018,0,0,0,0,0,0,0,0,0,0.001098426,0
12/13/2018,0,0,0,0,0,0,0,0,0,0,0
12/14/2018,0,0,0,0,0,0.0158651,0,0.018244336,0,0,0
12/17/2018,0,0,0,0,0,0,0.026349871,0,0,0,0
12/18/2018,0,0,0,-0.002608604,0.005221349,0,0,-0.005017135,0,0,0.00327613
12/19/2018,0,0,0,0,0,0,0,0,0,0,0
12/20/2018,0,0,0,0,0,0,0,0.021928546,0,0,0
12/21/2018,0,0,0,0,0,0,0,0,0,0,0
12/24/2018,0,0,0,0,0,0,0,0,0,0,0.003009443
12/25/2018,0,0,0,0,0,0,0,0,0,0,0
12/26/2018,0,0,0,0,0,0,0,0,0.003154209,0,0
12/27/2018,0,0,0,0,0,0,0,0,0,0,0
12/28/2018,0,0,0,0,0,0,0,0,0,0,0
12/31/2018,0,0,0,0.010659718,0,0,0,0,0,0,0
1/1/2019,0,0,0,0,0,0,0,0,0,0,0
1/2/2019,0,0,0,0,0,0,0,0,0,0.000438248,0
1/3/2019,0,0,0,0,0,0,0,0,-0.003053642,0,0
1/4/2019,0,0,0,0,0,0,0,0,0,0,0
1/7/2019,0,0,0,0,0,0,0,0,0,0,0
1/8/2019,0,0,0,0,0,0,0,0,0,0,0
1/9/2019,0,0,0,0,0,0,0,0,0,0,0
1/10/2019,0,0,0,0,0,0,0,0,0,0,0
1/11/2019,0,0,0,0,0,0,0,-0.00365322,0,0.000348422,0
1/14/2019,0,0,0,0,0,0,0,0,0,0,0
1/15/2019,0,0,0,0,0,0,0,0,0,0,0
1/16/2019,0,0,0,0,0,0,0,0,0,0,0
1/17/2019,0,0,0,0,0,0,0,0,0.00311814,0,0.017313985
1/18/2019,0,0,0,0,0,0,0,0,0,0,0
1/21/2019,0,0,0,0,0,0,0,-0.004334141,0,-9.80E-05,0
1/22/2019,0,0,-0.002545472,0,-0.002865382,0,0.000393846,0,0,0,0
1/23/2019,0,0,0,0,0,0,0,0,0,0,0
1/24/2019,0,0,0,0,0,0,0,0,0,0,0
1/25/2019,0,0,0,0,0,0,0,0,0,0,0
1/28/2019,0,0,0,0,0,0,0,0,0,-0.000266267,0
1/29/2019,0,0,0.00328743,0,0,0,0,0,0,0,0
1/30/2019,0,0,0,0,0,0,0,0,0,0,0
1/31/2019,0,0,0,0,0,0,0,-0.005234121,0,0,0
2/1/2019,0,0,0,0,0,0,0,0,0,0,0
2/4/2019,0,0,0,0,0,0,0,0,0,0,0
2/5/2019,0,0,0,0,0,0,0,0,0,-0.000565972,0
2/6/2019,0,0,0,0,0,0,0,0,0,0,0
2/7/2019,0.00324422,0,0,0,0,0,0,0,0,0,0
2/8/2019,0,0,0,0,0,0,0,0,0,0,0
2/11/2019,0,-0.001511898,0,0,0,0,0.006177907,0,0,0,0
2/12/2019,0,0,0,0,0,0.003842284,0,0,0,0,0
2/13/2019,0,0,0,0,0,0,0,0,0,0,0
2/14/2019,0,0,0,0,0,0,0,0,0,0,0
2/15/2019,0,0,0,0,0,0,0,0,0,0,0
2/18/2019,0,0,0,0.006685822,0,0.005284693,0,0,0.005843986,0,0
2/19/2019,0,0,0,0,0,0,0,0,0,0,0
2/20/2019,0,0,0,0,0,0,0,0,0,0,0
2/21/2019,0,0,0,0,0,0,0,0,0,0,0
2/22/2019,0,0,0,0,0,0,0,0,0,0,0
2/25/2019,0,0,0,0,0,0,0,0,0,0,0
2/26/2019,0,0,0,0,0,0,0,0,0,0,0
2/27/2019,0,0,0,0,0,0,0,0,0,0,0
2/28/2019,0,0,0,0,0,0,0,0,0,0,0
3/1/2019,0,0,0,0,0,0,0,0,0,0,0
3/4/2019,0,0,0,0,0,0,0,0,0,0,0
3/5/2019,0,0,0,0,0,0,0,0,0,0,0
3/6/2019,0,0,0,0,0,0,0,0,0,0,0
3/7/2019,0,0,0,0,0,0,0,0,0,0,0
3/8/2019,0,0,0,0,0,0,0,0,0,0,0
3/11/2019,0,0,0,0,0,0,0,0,0,0,0
3/12/2019,0,0,0,0,0,0,0,0,0,0,0
3/13/2019,0,0,0,0,0,0,0,0,0,0,0
3/14/2019,0,-0.010895216,0,0,0,0,0,0,0,0,0
3/15/2019,0,0,0,0,0,0,0,0,0,0,0
3/18/2019,0,0,0,0,0,0,0,0,0,0,0
3/19/2019,0,0,0,0,0,0,0.007502701,0,0,-0.000454699,0
3/20/2019,0,-0.001833613,0,0.000969166,0,0,0,0,0,0,0
3/21/2019,0,0,0,0,0,0,0,0,0,0,0
3/22/2019,0,0,0,0,0,0,0,0,0,0,0
3/25/2019,0,0,0,0,0,0,0,0,0,0,0
3/26/2019,0,0.001309666,0,0,0,0,0,0,0,0,0
3/27/2019,0,0,0,0,0,0,0,0,0,0,0
3/28/2019,0,0,0,0,0,0,0,0,0,0,0.006706007
3/29/2019,0,0,0,0,0,0,0,0,0,0,0
4/1/2019,0,0,0,0.002163939,0,0,0,0,0,4.85E-05,0
4/2/2019,0,0,0,0,0,0,0,0,0,0,0
4/3/2019,0,-0.004811691,0,0,0,0,0,0,0,0,0.000978698
4/4/2019,0,0,0,0,0,0,0,0,0,0,0
4/5/2019,0,0,0,0,0,0,0,0,0,0,0
4/8/2019,0,0,0,0,0,0,0,0,0,0,0
4/9/2019,0,0,0,0,0,0,0,-0.004851681,0,0,0
4/10/2019,0,0,0,0,0,0,0,0,0,0,0
4/11/2019,0,0,0,0,0,0,0,0,0,0,0
4/12/2019,0,0.002475847,0,0,0,0,0,0,0,0,0
4/15/2019,0,0,0,0,0,0,0,0,0,0,0
4/16/2019,0,0,0,0.009311442,0.006446155,0,0,0,0,0,0.010696101
4/17/2019,0,0,0,0,0,0,0,0,0,-0.000340178,0
4/18/2019,0,0,0,0,0,0,0,0,0,0,0
4/19/2019,0,0,0,0,0,0,0,0,0,0,0
4/22/2019,0.003808225,-0.000916199,0,0,0,-0.002325792,0.001766498,0.001728074,0.003302687,0,0
4/23/2019,0,0,0,0,0,0,0,0,0,0,0
4/24/2019,0,0,0,0,0,0,0,0,0,0,0
4/25/2019,0,0,0,0,0,0,0,0,0,0,0
4/26/2019,0,0,0,0,0,0,0,0,0,0,0
4/29/2019,0,0,0,0,0,0,0,0,0,0,0
4/30/2019,0,0,0,0,0.001690905,0,0,0,0,0.000297111,0
5/1/2019,0,0,0,0,0,0,0,0,0,0,0
5/2/2019,0,0,0,0,0,0,0,0,0,0,0
5/3/2019,0,0,0,0,0,0,0,0,0,0,0
5/6/2019,0,0,0,0,0,0,0,0,0,0.000258776,0
5/7/2019,0,0,0,0,0,0,0,0,0,0,0
5/8/2019,0,0,0,0,0,0,0,0,0,0,0
5/9/2019,0,0,0,0.01441666,0,0,0,0,0,0,0
5/10/2019,0,0,0,0,0,0,0,-0.003615808,0,0,0
5/13/2019,0,0.015389359,0,0,0,0,0,0,0,-0.000129926,0
5/14/2019,0,0,0,0,0,0,0,0,0,0,0
5/15/2019,0,0,0,0,0,0,0,0.00412087,-0.002035932,0,0
5/16/2019,-0.001052078,0,0,0,0,0,0,0,0,0,0
5/17/2019,0,0,-0.000852978,0,0,0,0,0,0,0,0
5/20/2019,0,0,0,0,0,0,0,0,0,0,0
5/21/2019,0,0,0,0,0,0,0,0,-0.002008447,0,0
5/22/2019,0,0,0,0,0,0,0,0,0,0,0
5/23/2019,0,0,0.010313437,0,0,0,0,0,0,0,0
5/24/2019,0,0,0,0,0,0,0,0,0,0,0
5/27/2019,0,0,0,0,0,0,0,0,0,0,0
5/28/2019,0,0,0.004994584,0,0,0,0,0,0,0,0
5/29/2019,0,0,0,-0.002905517,0,0,0,0,0,0,0
5/30/2019,-0.00345274,0,0,0,0,0,0,0,0,0,0
5/31/2019,0,0,0,0,0,0,0,0,0,0,0
6/3/2019,0,0,0,0,0,0,0,0,0,0,0
6/4/2019,0,0,0,0,0,0,0,0,0,0,0
6/5/2019,0,0,0,0,0,0,0,0,0,0,0
6/6/2019,0,0,0,0,0,0,0,0,0,0,0
6/7/2019,0,0,0,0,0,0,0,0,0,-0.000584984,0
6/10/2019,0,0,0,0,0,0,0,0,0,0,0
6/11/2019,0.008670187,0,0,0,-0.003282148,0,0,0,0,0,0
6/12/2019,0,0,0,0,0,0,0,0,0.000606986,0,-0.004495263
6/13/2019,0,0,0,0,0,0,0,0,0,0,0
6/14/2019,0,0,0,0,0,0,0,0,0,0,0
6/17/2019,0,0.00337694,0,0,0,0,0,0,0,0,0
6/18/2019,0,0,0,0,0,0,0,0,0,0,0
6/19/2019,0,0,0,0,0,0,0,0,0,0,0
6/20/2019,0,0,0,0,0.013240217,0,0,0,0,0,0
6/21/2019,0,0,0,0,0,0,0,0,0,0,0
6/24/2019,0,0,0,0,0,0,0,0,0,0,0
6/25/2019,0,0,0,0,0,0.005872872,-0.002662007,0,0,0,0
6/26/2019,0,0,0,0,0,0,0,0,0,0,0
6/27/2019,0,0,0,0,0,0,0,0,0,0,0
6/28/2019,0,0,0,0,0,0,0,0,0,0,0
7/1/2019,0,0,0,0,0,0,0,0,0,0,0
7/2/2019,0,0,0,0,0,0,0,0,0,0,0
7/3/2019,0,0,0,0,0,0,0,0,0,0,0
7/4/2019,0,0,0,0,0,0,0,0,0,0,0
7/5/2019,-0.00266167,0,-0.001571821,0,2.95E-06,0,-0.000181426,0,0,0,-0.000313157
7/8/2019,0,0,0,0,0,0,0,0,0,0,0
7/9/2019,0,0,0,-0.004153564,0,0,0,-0.004818669,0,0,0
7/10/2019,0,0,0,0,0,0,0,0,0,0,0
7/11/2019,0,0,0,0,0,0,0,0,0,0,0
7/12/2019,0,0,0,0,0,0,0,0,0,0,0
7/15/2019,0,0,0,0,0,0,0,0,0,0,0
7/16/2019,0,0,0,0,0,0.006603135,0,0,0,0,0
7/17/2019,0,0,0,0,0,0,0,0,0.004098719,0,0
7/18/2019,0,0,0.000625235,0,0,0,-0.002513821,0,0,0,0
7/19/2019,0,0,0,0,0,0,0,0,0,0,0
7/22/2019,0,0,0,0,0,0,0,0,0,0,0
7/23/2019,0,0,0,0,0,0,0,0,0,0,0
7/24/2019,0,0,0,0,0,0,0,0,0,0,0
7/25/2019,0,0,0,0,0,0,-0.003053708,0,0,0,0
7/26/2019,0,0,0,0,0,0,0,0,0,0,0.024923485
7/29/2019,0,0,0,0,0,0,0,0,0,0,0
7/30/2019,0.015012994,0,0,0,0,0,0,0,0,0,0
7/31/2019,0,0,0,0,0,0,0,0,0,0,0
8/1/2019,-0.002307879,0,0,0,0,0,0,0,0,0,0
8/2/2019,0,0.02016504,0,0,0,0,0,0,0,0,0
8/5/2019,0,0,0,0,0,0,0,0,0,0,-0.004576242
8/6/2019,0,0,0,0,0,0,0,0,0,0,0
8/7/2019,0,0,0,0,0,0,0,0,0,0,0
8/8/2019,0,0,0,0,0,0,0,0,0,0,0
8/9/2019,-0.005007408,0,0.004010041,0,0.007900163,0,-0.003731911,0,0,-8.77E-06,0
8/12/2019,0,0,0,0.005340888,0,0,0,0,0.001930606,0,0
8/13/2019,0,0,0,0,0,0,0,0,0,0,0
8/14/2019,0,0,0,0,0,0,0,0,0,0,0.002662732
8/15/2019,0,0,0,0,0,0,0,0,0,0,0
8/16/2019,0,0,0,-0.005197356,0,0,0,0.010027254,0,0,0
8/19/2019,0,0,0,0,0,0,-0.004434736,0,0,0,0
8/20/2019,0,0,0,0,-0.000366351,0,0,0,0,0,0
8/21/2019,0,0,0,0,0,0,0,0,0,0,0
8/22/2019,0,0.00420018,0,0,0,0,0,0,0,0,0
8/23/2019,0,0,0,0,0,0,0,0,0,0,0
8/26/2019,0,0,0,0,0,0,0,0,0,0,0
8/27/2019,0,0,0,0,0,0,0,0,0,0,0
8/28/2019,0,0,-0.001113015,-0.004538071,0,0,0,0,0,0,0
8/29/2019,0,0,0,0,0,0,0.010540435,0,0,0.000557448,0
8/30/2019,0,0.008782988,0,0,0,0,0,0,0,0,-0.004016866
9/2/2019,0,0,0,0,0,0,0,0,0,0,0
9/3/2019,0,0,0,0,0,0,0,0,0,0,0
9/4/2019,0,0,0,0,0,0,0,0,0,0,0
9/5/2019,0,0,0,0,0,0,0,0,0,0,0
9/6/2019,0,0,0,0,0,0,0,0,0,0,0
9/9/2019,0,0,0,0,0,0,0.009799038,0,0,0,0
9/10/2019,0.000929538,0,0,0,0,0,0,0,0,0,0
9/11/2019,0,0,0,0,-0.000166819,0,0,0,0.001316538,0,0
9/12/2019,0,0,0,0,0,0,0,0,0,0.000820797,-0.00412246
9/13/2019,0,0,0,0,0,0,0,0,0,0,0
9/16/2019,0,0,0,0,0,0,0,0,0,0,0
9/17/2019,0,0,0,0,0,0,0,0,0,0,0
9/18/2019,0,0,0,0,0,0,0,0,0,0,0
9/19/2019,0,0,0,0,0,-0.001389141,0,0,0,0,0
9/20/2019,0,0,0,0,0,0,0,0,0,0,-0.004690706
9/23/2019,0,0,0,0,0,-0.003500078,0,0,0,0,0
9/24/2019,0,0,0,0,0,0,0,0,0,0,0
9/25/2019,0,0,0.004326722,0,0,0,0,0,0,0,0
9/26/2019,0,0,0,0,0,0,0,0,0,0,0
9/27/2019,0,0,0,0,0,0,-0.002854465,0,0,8.96E-05,0
9/30/2019,0,0,0,0,0,0,0,-0.002043811,0,0,0
10/1/2019,0,0,0,0,0,0.004573535,0,0,0,0,0
10/2/2019,0,0,0,0,0,0,0,0,0,0,0
10/3/2019,0,0.003177109,0,0,0,0,0,0,0,0,0
10/4/2019,0,0,0,0,0,0,0,0,0,0,0
10/7/2019,0,0,0.017145698,0,0.003141205,0,0,0,0,0,0
10/8/2019,0,-0.002820894,0,0,0,0,0.016132192,0,0,0,-0.004149005
10/9/2019,0,0,0,0,0,0,0,0,0,-0.00017954,0
10/10/2019,0,0,0,0,0,0,0,0,0,0,0
10/11/2019,0,0,0,0,0,0,0,0,0,0,0
10/14/2019,0,0,0,0,0,0,0,0,0,0,0
10/15/2019,0,0,0,0,0,0,2.13E-05,0,0,0,0
10/16/2019,0,0,0,0,0,0,0,0,-0.002977197,0,0
10/17/2019,0,0,0,0,0,0,0,0,0,0,0
10/18/2019,0,0,0,0,0,0,0,0,0,0,0
10/21/2019,0,-0.001673899,-0.001100281,0,0,0,0,0,0.000694992,0,-0.004647834
10/22/2019,0,0,0,0,0,0,0,0,0,0,0
10/23/2019,0,0.001480028,0,0,0,0,0,0,0,0,0
10/24/2019,0,0,0,0,0,0,0,0,0,0,0
10/25/2019,0,0,0,0,0,0,0,0,0,0,0
10/28/2019,0,0,0,0,0,0,0,0,0,0,0
10/29/2019,0,0,0,0,0,0,0,0,0,0,0
10/30/2019,0,0,0,0,0,0,0,0,0,0,0
10/31/2019,0,0,0,0,0,0,-0.001652393,0,0.002863455,0,-0.00373547
11/1/2019,0,0,0,0,0,0,0,0,0,0,0
11/4/2019,0,0,0,0,0,0,0,0,0,0,0.005703228
11/5/2019,0,0,0,0,0,0,0,0,0,0,0
11/6/2019,0,0,0,0,0,0,0,0,0,0,0
11/7/2019,0,0,0,0,0.004043714,0,0,0,0,0,-0.001295251
11/8/2019,0,0,0,0,0,0,0,0,0,0,0
11/11/2019,0,0,0,0,0,0,0,0,0,0,0
11/12/2019,0,0,0,0,0,0,0,0,0,0,0
11/13/2019,0,0,0,0,0,0,0,0,0,0,0
11/14/2019,0,0,0,0,0,0,0,0,0,0,0.004450282
11/15/2019,0,0,0,0,0,0,0,0,0,0,0
11/18/2019,0,0.001367496,0,0,0,0,0,0.000595383,0,0,0
11/19/2019,0,0,0,0,0,0,0,0,0,0,0
11/20/2019,0,0,0,0,0.005171394,0,0,0,0,-0.000334189,-0.000549248
11/21/2019,0,0,0,0,0,0,0,0,0,0,0
11/22/2019,0,0,0,0,0,0,0,0,0,0,0
11/25/2019,0,0,0,0,0,0,0,0,0,0,0
11/26/2019,0,0,0.002380964,0,0,0,0,0,0,0,0
11/27/2019,0,0,0,-0.003271805,-0.001887439,0,0,0.018824606,0,0,0
11/28/2019,0,0,0,0,0,0,0,0,0,0,0
11/29/2019,0,0,0,0,0,0,0,0,-0.001231675,0,0
12/2/2019,0,0,0,0,0,0,0,0,0,0,0
12/3/2019,0,0,0,0,0,0,0,0,0,0,0
12/4/2019,0,0,0,0,0,0,0,0,0,0,0
12/5/2019,0,0,0,0,0,0,0,0,0,0,0
12/6/2019,0,0,0,0.002625023,0,0,0,0,0,0,0
12/9/2019,0,0,0,0,0,0,0,0,0,0,0
12/10/2019,0,0,0,0,0,0,0,0,0,0,0
12/11/2019,0,0,0,0,0,0,0,0,0,0,0
12/12/2019,0,0,0,0,0,0,0,0,0,0,0
12/13/2019,0,0,0,0,0,0,0,0,0,0,0
12/16/2019,0,0,0,0,0,0,0,0,0,0,0
12/17/2019,0,0,0,-0.004641107,0,0,0,0,0,0,0
12/18/2019,0,0,0,0,0,0,0.000658856,0,-0.001246856,0,0
12/19/2019,0,0,0,0.011650961,0,0,0,0,0,0,0
12/20/2019,0,0,0,0,0,-0.002254947,0,0,0,0,0
12/23/2019,0,0,0,0,0,0,0,0,0,0,0
12/24/2019,0,0,0,0,0,0,0,0,0,0,0
12/25/2019,0,0,0,0,0,-0.001855293,0,0,0,0,0
12/26/2019,0,0,0,0.008180722,0,0,0,0,0,0,0
12/27/2019,0,0,0,0,0.004933574,0,0,0,0,0.000431996,0
12/30/2019,0,0,0,0,0,0,0,0,0,0,0
12/31/2019,0,0,0,0,0,0,0,0,0,0,0
1/1/2020,0,0,0,0,0,0,0,0,0,0,0
1/2/2020,0.003843762,0,0,0,0,0,0,0,0,0,0.011042602
1/3/2020,0,0,0,0,0,0,0,0,0,0,0
1/6/2020,0,0,0,0,0,0,0,0,0,0,0
1/7/2020,0,0,0,0,0,0,0.013117112,0,0,0,0
1/8/2020,0,0,0,0,0,0,0,0,0,0,0
1/9/2020,0,0,0,0,0,0,0,0,0,0,0
1/10/2020,0,0,0,0,0,0,0,0,0,0,0
1/13/2020,0,0.001678512,0,0,0,0,0,-0.005076367,0,0,0.003156138
1/14/2020,0,0,0,0,0,0.000259088,0,0,0,0,0
1/15/2020,0,0,0,0,0,0,0,0,0,0,0
1/16/2020,0,0,0,0,0,0,0,0,-0.00219227,0,0
1/17/2020,0,0,0,0,0,0,0,0,0,0,0
1/20/2020,0,0,0,0,0,0,0,0,0,0,0
1/21/2020,0,0,0,0,0,0,0,0,0,0,0
1/22/2020,0,0,0,0,0,0,0,0,0,0,0
1/23/2020,0,0,0,0,0,0,0,0,0,0,0
1/24/2020,0,0,0,0,0,0,0,0,0,0,0
1/27/2020,0,0,0,0,0,0,0,0,0.013030212,-0.000616657,0
1/28/2020,0,0,0,0,0,0,0,0,0,0,0
1/29/2020,0,0,0,0,0,0,0,0,0,0,0
1/30/2020,0,0,0,0,0,0,0,0,0,0,0
1/31/2020,0,0,0,0,0,0,0,0,0,0,0
2/3/2020,0,0,0,0,0,0,0,0,0,0,0
2/4/2020,0,0,0,0,0,0,0,0,0,0,0
2/5/2020,0,0,0,0,0,0,0,0,0,0,0
2/6/2020,0,0,0,0,0,0,0,0,0,0,0
2/7/2020,0,0,0,0,0,0,0,0,0,0,0
2/10/2020,0,0,0,0,0,0,0,0,0,0,0
2/11/2020,0,0,0,0,0,0,0,0,0,0,0
2/12/2020,0,0,0,0,0,0,0,0,0,0,0
2/13/2020,0,0,0,0,0,0,0,0,0,0,0
2/14/2020,0,0,0,0,0,0,0,0.018166604,0,0,0
2/17/2020,0,0,0,0,0,0,0.008432855,0,0,-0.000547729,0
2/18/2020,0,0,-0.002577904,0,0,0,0,0,0,0,0
2/19/2020,0,0,0,0,0,0,0,0,0,0,0
2/20/2020,0,0,0,0,0,0,0,0,0,0,0
2/21/2020,0,0,0,0,0,0,0,0,0,0,0
2/24/2020,0,0,0,0,0,0,0,0,0,0,0
2/25/2020,0,0,0,0,0,0,0,0,0,0,-0.00529913
2/26/2020,0,0,0,0,0,0.005766389,0,0,0,0,0
2/27/2020,0,0,0,0,0,0,0.035214001,0,0,0,0
2/28/2020,0,0,0,0,0,0,0,0,0,0,0
3/2/2020,0,0,0,0,0,0,0,0,0,0,0
3/3/2020,0,0,0,0,0,0,0,0,0,0,0
3/4/2020,0,0,0,0,0,0,0,0,0,0,-0.001699357
3/5/2020,0.008885974,0,0,0,0,0,0,-0.005304767,0,0,0
3/6/2020,0,0,0.001288984,0,0,0,0,0,-0.002924922,0,0
3/9/2020,0,0,0,0,0,0,0,0,0,0,0
3/10/2020,0,0,0,0,0,0,0,0,0,0,0
3/11/2020,0,0,0,0,0,0,0,0,0,0,0
3/12/2020,0,0,0,0.114881985,0,0,0,0,0,0,0
3/13/2020,0,0,0,0,0,0,0,0,0,0,0
3/16/2020,0,0,0,0,0,0,0,0,0,0,0
3/17/2020,0,0,0,0,0,0,0,0,0,0,0
3/18/2020,0,0,0,0,0,0,0,0,0,0,0
3/19/2020,0,0,0.017828634,0,0,0,0,0,0,0,0
3/20/2020,0,0,0,0,0,0,0,0,0,0,0
3/23/2020,0,0,0,0,0,0,0,0,0,0,0
3/24/2020,0.017799194,0,0,0,0.018431206,0,0,0,0,0,0
3/25/2020,0,0,0,0,0,0.015330434,0,0,0,0,0
3/26/2020,0.003767692,0,0,0,-0.000395169,0,0,0,0,0,0
3/27/2020,0,0.026089741,0,0,0,0,0,0,0,-0.000304469,0
3/30/2020,0,0,0,0,0,0,0,0,0,0,0
3/31/2020,0,0,0.003495864,0,0,0,0,0,0,0,0
4/1/2020,0,0,0,0,0,0,0,0,0,0,0
4/2/2020,0,0,0,0,0,0,0,0,0,0,0.001119965
4/3/2020,0,0,0,0,0,0,0,0,0,-0.000367585,0
4/6/2020,0,0,0.001487169,0,0,0,0,0,0,0,0
4/7/2020,0,0,0,0,0,0,0,0,0,0,0
4/8/2020,0,0,0,0,0,0,0,0,0,0,0
4/9/2020,0,0,0,0,-0.003663009,-0.003645679,0,0,0.000200206,0,0
4/10/2020,0,0,0,0,0,0,0,0,0,0,0
4/13/2020,0,0,0.011882162,0,0,-0.005208816,0,0,0,-1.94E-05,0
4/14/2020,0,0,0,0,0,0,0,-0.005569373,0,0,0
4/15/2020,0,0,0,0,0,0,0,0,0,0,0
4/16/2020,0,0,0,0,0,0,0,0,0,0,0
4/17/2020,0,0,0,0,0,0,0,0,0,0,0
4/20/2020,0,0,0,0,0,0,-0.006100052,0,0,0,0
4/21/2020,0,0,0,0,0,0,0,0,0,0,-0.001605562
4/22/2020,0,0,0,0,0,0,0,0,0,0,0
4/23/2020,0,0,0,0,0,0,0,0,0,0,0
4/24/2020,0,0,0,0,0,0,0,0,0,0,0
4/27/2020,0,0,0,0.006380343,0,0,0.006467225,0.005769829,0.004860391,0,0
4/28/2020,0,0.000121453,0,0,0,-0.000435088,0,0,0,0,0
4/29/2020,0,0,0,0,0,0,0,0,0,0,0
4/30/2020,0,0,0,0,-0.003612996,0,0,0,0,0,0
5/1/2020,0,0,0,0,0,0,0,0,0,0,0
5/4/2020,0,0,0,0,0,0,0,0,0,0,0.013443561
5/5/2020,0.003525156,0,0,0,0,0,-0.003791194,0,0,0,0
5/6/2020,0,0,0,0,0,0,0,0,0,0,0
5/7/2020,0,0,0,0,0,0,0,0,0,0,0
5/8/2020,0,0,0.007855252,0,0,0,0,0,0,0,0
5/11/2020,0,0.020504171,0,0,0,0,0,0,0,-0.000316184,0
5/12/2020,0,0,0,0,0,0,0,0,0,0,0
5/13/2020,0,0,0,0,0,0,-0.003698312,0,0,0,0.004010396
5/14/2020,0,0,0,0,0,0,0,0,0,0,0
5/15/2020,0,0,0,0,0,0,0.005127248,0,0,0,0
5/18/2020,0,0,0,0,0,0,0,0,0,0,0
5/19/2020,0,0,0,0,0,0,0,0,0,0,0
5/20/2020,0.00152253,0,0,0,0,0,0,0,0,0,0
5/21/2020,0,0,0,0,0,0,0,0,0,0,0
5/22/2020,0,0,0,-0.007659899,0,0,-0.001436624,-0.007144783,0,0,0
5/25/2020,0,0,0,0,0,0,0,0,0,0,0
5/26/2020,0,0,0.035399986,0.055392247,0,0.032658185,0,0.04507049,0,0,0.030731765
5/27/2020,0,0,0,0,0,0,0,0,0,0,0
5/28/2020,0,0,0,0,0,0,0,0,0,0,0
5/29/2020,0,0,0,0,0,0,0,0,0,0,0
6/1/2020,0,0,0,0,0,0,0,0,0,0,0
6/2/2020,0,0,0,0,0,0,0,0,0,0,0
6/3/2020,0,0,0,0,0,0,0,0,0,0,0
6/4/2020,0,0,0,0,0,0,0,0,0,0,0
6/5/2020,0,0,0,0,0,0,0,0,0,0,0
6/8/2020,0,0,0,0,0,0,0,0,0,0,0
6/9/2020,0,0,0,0,0,0,0,0,0,0,0
6/10/2020,0,0,0,0,0,0,0,0,0,0,0
6/11/2020,0,0.010896446,0.013343315,0,0,0,0,0,0,0,0
6/12/2020,0,0,0,0,0,0,0,0,0,0,0
6/15/2020,0,0,0,0,0,0,0,0,0,0,0
6/16/2020,0,0,0,0,0,0,-0.004637207,0,0,0,0
6/17/2020,0,0,0,0,0,0,0,0,0,0,0
6/18/2020,0,0,0,-0.005394678,0,0.002904011,0,-0.000103596,0,0,0
6/19/2020,-0.004787149,0,0,0,0,0,0,0,0,-0.000238651,0
6/22/2020,0,0,0,0,0,0,0,0,0,0,0
6/23/2020,0,0,0,0,0,0,0,0,0,0,0
6/24/2020,0,0,0,0,0,0,0,0,0,0,0
6/25/2020,0,0,0,0,0.001755828,0,0,0,0,0,0
6/26/2020,0,0,-0.004087933,0,0,0,0,0,0,0,0
6/29/2020,0,0,0,0,0.006371527,0,0,0,0,0,0
6/30/2020,0,0,0,0,0,0.002878427,0,0,0.000273206,0,0
7/1/2020,0,0,0,0,0,0,0,0,0,0,0
7/2/2020,0,0,0,0,0,0,0,0,0,0,0
7/3/2020,0,0,-0.001460909,0,0,0,0,0,0,0,0
7/6/2020,0,0.000874207,0,-0.001032607,0,0,0,0,0,0,0
7/7/2020,0,0,0,0,0,0,0,0,0,0,0
7/8/2020,0,0,0,0,0,0,0,0,0,0,0
7/9/2020,0,0,0,0,0,0,0,0,0,0,0
7/10/2020,0,0,0,0,0,0,0,0,0,0,0
7/13/2020,0,0,0,0,0,0,0,0,0,0,0
7/14/2020,0,0,0,0,0,0,0,0,0,0,0
7/15/2020,0,0,0,0,0,0,0,0,0,0,0
7/16/2020,0,0,0,0,0,0,0,0,0,0,0
7/17/2020,0,0,0,0,0,0,0,0,0,0,0
7/20/2020,0,0,0,0,0,0,0,0,0.007999402,0,0
7/21/2020,0,0,0,0,0,0,0,0,0,0,0
7/22/2020,0,0,0,0,0,0,0,0,0,0,0
7/23/2020,0,0,0,0,0,0,0,0,0,0,0
7/24/2020,0,-0.004583615,0,0,0,0,0,0,0,0,0
7/27/2020,0,0,0,0,0,0,0,0,0.00444403,0,0
7/28/2020,0,0,0,0,0,0,0,0,0,0,0
7/29/2020,0,0,0,0,0,0,0,0,0,0,0
7/30/2020,0,0,0,0,0,0,0,-0.005725134,0,0,0
7/31/2020,0,0,0,0,0,0,0,0,0,0,0
8/3/2020,0,0,0,0,0,0,0,0,0,0,0
8/4/2020,0,-0.002606821,0,0,0,0,0,0,0,0,0
8/5/2020,0,0,0,0,0,0,0,-0.005511681,0,0,0
8/6/2020,0,0,0,0,0,0,0,0,0,0,0
8/7/2020,0,0,0,0,0,0,0,0,-0.001140445,0,0
8/10/2020,0,-0.002828807,0,0,0,0,0,0,0,0,0
8/11/2020,0,0,0,0,0,0.013399907,0,0,0,0,0
8/12/2020,0,0,0,0,0,0,0,0,0,0,0
8/13/2020,0,0,0,0,0,0,0,0,0,0,0
8/14/2020,0,0.002136881,0,0,0,0,0,0,0,0,0
8/17/2020,0,0,0,0,0,0,0,0,0,0,0
8/18/2020,0,0,0,0,0,0,0,0,0,0,0.002153812
8/19/2020,0,0,0,0,0,0,0,0,0,0,0
8/20/2020,0,0,0,0,0,0,0,0,0,0,0
8/21/2020,0,0,0,0,0,0,0,0,0,0,0
8/24/2020,0,0,0,0,0,0,0,0.027674195,0,-0.000307047,0
8/25/2020,0,0,0,0,0,0,-0.000605766,0,0,0,0
8/26/2020,-0.003901951,0,0,0,0,0,0,0,0.003581092,0,0
8/27/2020,0,0,0,0,0,0,0,0,0,0,0
8/28/2020,0,0,0,0,0,0,0,0,0,0,0
8/31/2020,0,0,0,0,0,0,0,0,0,0,0
9/1/2020,0,0,0,0,0,0,0,0,0,0,0
9/2/2020,0,0,0,0,0,0,0,0,0,0,0
9/3/2020,0,0,0,0,0,0,0,0,0,0,0
9/4/2020,0,0,0,0,0,0,0,0,0,0,0
9/7/2020,0,0,0,0,0,0,0,0,0,0,0
9/8/2020,-0.004392026,0,0.005330548,0,-0.002794436,0,0,-0.002712337,-0.00252547,0,0
9/9/2020,0,0,0,0,0,0,0,0,0,0,0
9/10/2020,0,0,0,0,0,0,0,0,0,0,0
9/11/2020,0,0,0,0,0,0,0,0,0,0,0
9/14/2020,-0.003185556,0,0.018189131,0,-0.004456381,0,0.012905933,0,0,0,0
9/15/2020,0,0,0,-0.00585165,0,0,0,0,0,0,0
9/16/2020,0,0,0,0,0,0,0,0,0,0,0
9/17/2020,0,0,0,0,0,0,0,0,0,0,0
9/18/2020,0,0,0,0,0,0,0,0,0,0,0
9/21/2020,0,-0.005263712,0,0,0,0,0,0,0,0,0
9/22/2020,0,0,0,0,0,0,0,0,0,0,0
9/23/2020,0,0,-0.005084386,0,0,0,0,0,0,0,0
9/24/2020,0,0,0,0,0,0,0,0,0,0,0
9/25/2020,0,0,0,0,0,0,0,0,0,0,0
9/28/2020,0,0.004801212,0,0,0,0,0,0,0,0,0
9/29/2020,0,0,0,0.00476043,0,0,0,0.003239451,0,0,0
9/30/2020,0,0,0,0,0,0,0,0,0,0,0
10/1/2020,0,0,0,0,0,0,0,0,0,0,0
10/2/2020,0,0,-0.005136667,0,0,0,-0.002230463,0,0,0,0
10/5/2020,0,0,0,0,0,0,0,0,0,0,0
10/6/2020,0,-0.001651916,0,0,0,0,0,0,0,0,0
10/7/2020,0,0,0,0,0,0,-0.002355772,0,0,0,0
10/8/2020,0,0,0,0,0,0,0,0,0,0,0
10/9/2020,0,0,-0.004043771,0,0,0,0.004483532,0,0,0,0
10/12/2020,0,0,0,0,0,0,0,0,0,0,0
10/13/2020,0,0,0,0.021480271,0,0,0,0,0,0,0
10/14/2020,0,0,0,0,0,0,0,0,0,0,0
10/15/2020,0,0,0,0,0,0,0,0,0,0,0
10/16/2020,0,0,0,0,0,0,-0.00281834,0,0,-0.000210339,0
10/19/2020,0,0,0,0.002456352,0,0,0,0.00840764,0,0,0
10/20/2020,0,0,0,0,0,0,0,0,0,0,0
10/21/2020,0,0,0,0,0,0,0,0,0,0,0
10/22/2020,0,0,0,0,0,0,0,0,0,0,0
10/23/2020,0,0,0,-0.004554046,0,0,0,0,0,0,0
10/26/2020,0,0,0,0,0,0,0,0,0,0,0
10/27/2020,0,0,0,0,0.003341133,0,0,0.004368146,0,0,0
10/28/2020,0,0,0,0,0,0,0,0,-0.002734287,0,0
10/29/2020,0,0,0,0,0,0,0,0,0,0,0
10/30/2020,0,0,0,0,0,0,0,0,0,0,0
11/2/2020,-0.003743935,0,0,0,0,0,0,0,0,0,0
11/3/2020,0,0,0.018216935,0,0,0,0,0,0,0,0
11/4/2020,0,0,0,0,0,0,0,0,0,0,0
11/5/2020,0,0,0,0,0,0,0,0,0,0,0
11/6/2020,0,0,0,0,0,0,0,0,0,0,0
11/9/2020,0,0,0.007897518,0,0,0,0,0,0,0,0
11/10/2020,0,0,0,0,0,0,0,0,0,0,0
11/11/2020,0,0,0,0,0,0,0,0.01169673,0,0,0
11/12/2020,0,0,0,0,0,0,0,0,0,0,0
11/13/2020,0,0,0,0,0,0,0.012038021,0,0,-6.20E-05,0
11/16/2020,0,0,0,0,0,0,0,0,0,0,0
11/17/2020,0,0,0,0,0,0,0,0,0,0,0
11/18/2020,0,0,0,0,0,0,0,0,0,0,0
11/19/2020,-0.003466372,0,0,0,0,0,0,0,0,0,0
11/20/2020,0,0,0,0,0,0,0,0,0,0,0
11/23/2020,0,0,0,0,0,0,0,0,0,-0.00011485,0
11/24/2020,0,0,0,0,0,0,0,0,0,0,0
11/25/2020,0,0,0,0,0,0,0,0,0,0,0
11/26/2020,0,0,0,0,0,0,0,0,0,0,0
11/27/2020,0,0.01098028,0,0,0,0,0,0,0,0,0
11/30/2020,0,0,0,0,0,0,0,0,0,0,0
12/1/2020,0,0,0,0,0,0,0,0,0,0,0
12/2/2020,0,0,0,0,0,0,0,0,0,0,0
12/3/2020,0,0,0,0,0,0,0,0,0,0,0
12/4/2020,0,0,0,0,0,0,0,0,0,0,0
12/7/2020,0,0,0,0,0,0,0,0,0,0,0
12/8/2020,0,0,0,0,0,0,0,0,0,-0.00019996,0
12/9/2020,0,0.0029353,0,0,0,0,-0.002426195,0.007751453,0,0,0.008615638
12/10/2020,0,0,0,0,0,0,0,0,0,0,0
12/11/2020,0,0,0,0,0,0,0,0,0,0,0
12/14/2020,0,0,0,0,0,0,0,0,0,0,0
12/15/2020,0,0,-0.002185334,0,0,0,0,0,0,0,0
12/16/2020,0,0,0,0,0.00184784,-0.003508066,0,0,0,0,0
12/17/2020,0,0,0,0,0,0,0,0,0,0,0
12/18/2020,0,0,0,0,0,0,0,0,0,0,0
12/21/2020,0,0,0,0,0,0,0,0,0,0,0
12/22/2020,0,0,0,0,0,0,0,0,0,0,0
12/23/2020,0,0,0,0,0,0,0,0,0,-0.000249036,0
12/24/2020,0,0,0,0,0,0,-0.002824062,0,0,0,0
12/25/2020,0,0,0,0,-0.003328316,0,0,0,0,0,0
12/28/2020,0,0,0,0,0,0,0,0,0,0,-0.004363218
12/29/2020,0,0,0,0,0,0,0,0,0,0,0
12/30/2020,0,0,0,0,0,0,0,0,0.006623838,0,0.007537649
12/31/2020,0,0,0,0,0,0,0,0,0,0,0
1/1/2021,0,0,0,0,0,0,0,0,0,0,0
1/4/2021,0,0,0,0,0,0,-0.000432566,0,-0.001714493,0,0
1/5/2021,0,0,0,0,0,0,0,0,0,0,0
1/6/2021,0,0,0,0,-0.003849732,0,0,0,0,-0.00035479,0
1/7/2021,0,0,0,0,0,0,0,0,0,0,0
1/8/2021,0,0,0,0,0,0,0,0,0,0,0
1/11/2021,0,0,0,0.006830325,0,0,0,0.015664247,0,0,0
1/12/2021,0,0.011258986,0,0,0,0,0,0,0,0,0
1/13/2021,-0.000515049,0,0,0,-0.003452522,0.008181726,0.004940773,-0.001658544,0,0,0
1/14/2021,0,0,0,0,0,0,0,0,0,0,0
1/15/2021,0,0,0,0,0,0,0,0,0,0,0
1/18/2021,0,0,0,0,0,0,0,0,0,0,0
1/19/2021,0,0,0,0,0,0,0,0,0,0,0
1/20/2021,0,0,0,0,0,0,0,0,0,0,0
1/21/2021,0,0,0,0,0,0,0,0,0,0,0
1/22/2021,0,0,0,0,0,0,0,0,0,0,0
1/25/2021,0,0,0,0,0,0,0,0,0,0,0
1/26/2021,0,0,0,0,0,0,0,0,0,0,0
1/27/2021,0,0,0,0,0,0,0,0,0,0,0
1/28/2021,0,0,0,0,0,0,0,0,0,0,0
1/29/2021,0,0,0,0,-0.005271133,0,0,0,0,0,0
2/1/2021,0,0,0,0,0,0,0,0,0,0,0
2/2/2021,0,0,-0.000381561,0,0,-0.006251191,0,-0.007051834,0,0,0
2/3/2021,0,0,0,0,0,0,0,0,0,0,0
2/4/2021,0,0,0,0,0,0,-0.001845696,0,0,0,0
2/5/2021,0,0,0,0,0,0,0,0,0,0,0
2/8/2021,0,0,0,0,0,0,0,0,0,0,0
2/9/2021,0,0,0,0,0,0,0,0,0,0,0
2/10/2021,0,0,0,0,0,0,0,0,0,0,0
2/11/2021,0,0,0,0,0,0,0,0,0,0,0
2/12/2021,0.006410765,0,0,0,0,0,0.006803804,0,0,0,0
2/15/2021,0,0,0,0,0,0,0,0,0,0,0
2/16/2021,0,0,0,0,0,0,0,0,0,0,0
2/17/2021,0,0,0,0,0,0,0,0,0,0,0
2/18/2021,0,0,0,0,0,0,0,0,0,0,0
2/19/2021,0,0,0,0,0,0,0,0,0,0,0
2/22/2021,0,-0.000743881,0,0,0,0,0,0,0,0,0
2/23/2021,0,0,0,0,0,0,0,0,0,0,0
2/24/2021,0,0,0.007233233,0,0,-0.004746379,0,0,0,0,0
2/25/2021,0,0,0,0,0,0,0,0,0,0,0
2/26/2021,0,0,0,0,0,0,0,0,0,0,0
3/1/2021,0,0,0,0,0,0,0,0,0,0,0
3/2/2021,0,0,0,0,0,0,0,0,0,0,0
3/3/2021,0,0,0,0,0,0,0,0,0,0,0
3/4/2021,0.006198549,0,0,0,0,0,0,0,0,-0.000208993,0
3/5/2021,0,0,0,0,0,0,0,0,0,0,0
3/8/2021,0,0,0,0,0,0,0,0,0,0,0
3/9/2021,0,0,0,0,0,0,0,0,0,0,0.002845462
3/10/2021,0,0,0,0,0,0,0,0,0,0,0
3/11/2021,0,0,0.002866936,0,0,0.009560972,0,0,-0.000497772,0,0
3/12/2021,0,0,0,0,0,0,0.000434095,0,0,0,0
3/15/2021,0,0,0,0,0,0,0,0,0,0,0
3/16/2021,-0.004222367,0,0,0,0.005815983,0,0,0,0,0,0
3/17/2021,0,0,0,0.015684273,0,-0.004257413,0,0.027836981,-0.000548907,0,0
3/18/2021,0,0,-0.002774617,0,-0.002747077,0,0,0,0,0,0
3/19/2021,0,0,0,0,0,0,0,0,0,0,0
3/22/2021,0,0,0,0,0,0,0,0,0,0,0
3/23/2021,0,0,0,0,0,0,0,0,0,0,0
3/24/2021,0,0,0,0,0,0,0,0,0.000566232,0,0
3/25/2021,0,0,0,0,0,0,0,0,0,0,0
3/26/2021,0,0,0,0,0,0,0,0,0,0,0
3/29/2021,0,0,0,0,0,-0.003650443,0,0,0,0.000519334,0
3/30/2021,0,0,0,0,0,0,-7.25E-05,0,0,0,0
3/31/2021,0,-0.00403748,0,0,0,0,0,0,0,0,0
4/1/2021,0,0,0,0,0,0,0,0,0,0,0
4/2/2021,0,0,0,0,0,0.001886888,0.007661374,0,0,0,0
4/5/2021,0,-0.002742168,0,0,0,0,0,0,0,-0.000449346,0
4/6/2021,0,0,0,0,0,0,0,0,0,0,0
4/7/2021,0,0,0,0,0,0,0,0,0,0,0
4/8/2021,0,0,0,0,0,0,0,0,0,0,0
4/9/2021,0,0,0,0,0,0.004143803,0,0,0,0,0
4/12/2021,0,0,0,0,0,0,0,0,0,0,0
4/13/2021,0,0,0,0,0.009195601,0,0,0,0,0,0
4/14/2021,0,0,0,0,0,0,0,0,0,0,0
4/15/2021,0,0,0,0,0,0,0,0,0,0,0
4/16/2021,0,0,0,0,0,0,0,0,0,0,0
4/19/2021,0,0,0,0,0,0,0,0,0,0,0
4/20/2021,0,0,0,0,0,0,0,0,0,0,0
4/21/2021,-0.004093798,0,0,0,0,0,0,0,0,0,0
4/22/2021,0,0,0,0,0,0,0,0,0,0,0
4/23/2021,0,0,0,0,0,0.015348677,0,0,0,0,0
4/26/2021,0,0,0,0,0,0,0,0,0,0,0.000314464
4/27/2021,0,0,0,0,0,0,0,0,0,0.000712109,0
4/28/2021,0,0,0,0.001487765,0,0.009561466,0,0,0.00563707,0,0
4/29/2021,0,0,0,0,0,0,0,0,0,0,0
4/30/2021,0,0,0,0,0,0,0,0,0,0,0
5/3/2021,0,0,0,0,0,0,0,0,0,0,0
5/4/2021,0,0,0,0,0,0,0,0,0,0,0
5/5/2021,0,0,0,0,0,0,0,0,0,-0.000402003,0
5/6/2021,0,0,0,0,0,0,-0.00304978,0,0,0,0
5/7/2021,0,0,0,0,0,0,0,0,0,0,0
5/10/2021,0,0,0,0,0,0,0,0,0,0,0
5/11/2021,0,0,0,0,0,0,0,0,0,0,0
5/12/2021,0,0,0,0,0,0,0,0,0,0,0
5/13/2021,0,0,0,0,0,0,0,0,0,0,0
5/14/2021,0,0,0,0,0,0,0,0,0,0,0
5/17/2021,0,0,0,0,0,0,0,0,0,0,0
5/18/2021,0,0,0,-0.00330064,0,0,0,0,0.005129786,0.000237941,0
5/19/2021,0,0,0,0,0,0,0,0,0,0,0
5/20/2021,0,0,0,0,0,0,0,0,0,0,0
5/21/2021,0,0,0,0,0,0,0,0,0,0,0
5/24/2021,0,0,0,0,0,0,0,0,0,0,0
5/25/2021,0,0,0,0,-0.001152709,-0.001768719,0,0,0,0,0
5/26/2021,0,0,0,0,0,0,0,0,0,0,0
5/27/2021,0,0.003415941,0,0,0,0,0,0,0,0,0
5/28/2021,0,0,0,0,0,0,0,0,0,0,0
5/31/2021,0,0,0,0,0,0,0,0,0,0,0
6/1/2021,0.001247831,0,-0.002684911,0,0,0,0,0,0,0,0
6/2/2021,0,0,0,0,0,0,0,0,0,0,0
6/3/2021,0,0,0,0,0,0,0,0,0,0,0
6/4/2021,0,0,0,0,0,0,0,0,0,0,0
6/7/2021,0,0,0,0,0,0,0,0,0,0,0
6/8/2021,0,0,0,0,0,0,0,0,0,0,0
6/9/2021,0,0,0,0.014890156,-0.002657133,0,0.010906553,0,0,0,0
6/10/2021,0,0,0,0,0,0,0,0,0,0,0
6/11/2021,0,0,0,0,0,0,0,0,0,0,0
6/14/2021,0,0,0,0,0,0,0,0,0,0,0
6/15/2021,0,-0.004069335,0,0.017881551,-0.003186988,0,0,0,0,0,0
6/16/2021,0,0,0,0,0,0,0,0,0,0,0
6/17/2021,0,0,0,0.013169819,0.014668168,0.010651001,0,0,0,0,0
6/18/2021,0,0,0,0,0,0,0,0,0,0,0
6/21/2021,0,0,0,0,0,0,0,0,0,0,0
6/22/2021,0,0,0,0,0,0,0,0,0,0,0
6/23/2021,-0.003435215,0,0,-0.005017051,-0.003146111,0,0,0,0,0,0
6/24/2021,0,0,0,0,0,0,0,0,0,-0.000391957,0
6/25/2021,0,0,0,-0.003468803,0,0,0,0,0,0,0
6/28/2021,0,0,0.004106902,0,0,0,0,0,0,0,0
6/29/2021,0,-0.003422127,0,0,0,0,0,0,0,0,0
6/30/2021,0,0,0,0,0,0,0,0,0,0,0
7/1/2021,0,0,0,0,0,0,0,0,0.004867911,0,0
7/2/2021,0,0,0,0,0,0,0,0,0,-2.23E-05,0
7/5/2021,0,0,0,0,0,0,0,0,0,0,0
7/6/2021,0,0,0,0,0,0,0,0,0,0,0
7/7/2021,0,0,0,0,0,0,0,0,0,0,0
7/8/2021,0,0,0,0,0,0,0,0,0,0,0
7/9/2021,0,0,0,0,0,0,0,0,0,0,0
7/12/2021,-0.003821799,0,0,0,0,0,0,0,0,0,0
7/13/2021,0,0,0,0,0,0,0,0,0,0,0
7/14/2021,0,0,0,0,0,0,0,0,0,0,0
7/15/2021,0,0,0,0,0,0,0,0,0,0,0
7/16/2021,0,0,0,0,0,0,0,0,0,0,0
7/19/2021,0,0,0,0,0,0,0,-0.002103571,0,0,0
7/20/2021,0,0,0,0,0,0,0,0,0,0,0
7/21/2021,0,0,0,0,0,0,0,0,0,0,0
7/22/2021,0,0,0,0,0,0,0,0,0,0,0
7/23/2021,0,0,0,0,0,0,-0.003135516,0,0,0,0
7/26/2021,0,0,-0.003517816,-0.000566714,0,0,0,0,0,0,0.007911796
7/27/2021,0,0,0,0,0,0,0,0,0,0,0
7/28/2021,0,0,0,0,0,0,0,0,0,0,0
7/29/2021,0,0,-0.001545351,0,0,0,0,0,0.005116857,0,0
7/30/2021,0,-0.002523447,0,0,0,0,0,0,0,0,0
8/2/2021,0,0,0,0,0,0,0,0,0,0,0
8/3/2021,0,0,0,0,0.01129112,0,0,0,0,0,0
8/4/2021,0,0,0,0,0,0,0,0,0,0,0
8/5/2021,0,0,0,0,0,-0.000599572,0,0,0,0,0
8/6/2021,0,0,0,0.001494472,0,0,0,0,0,0.000400325,0
8/9/2021,0,0,0,0,0,0,0,0,0,0,0
8/10/2021,0,0,0,0,0,0,-0.002764895,0,0,0,0
8/11/2021,0,0,0,0,0,0,0,0,0,0,0
8/12/2021,0,0,0,0,0,0,0,0,0,0,0
8/13/2021,0,0,0,0,0,0.023565685,0,0,0,0,0
8/16/2021,0,0,0,0,0,0,0,0,0,0,0
8/17/2021,0,0,0,0,0,0,0,0.010486752,0,0,0
8/18/2021,0,0,0,0,0,0,0,0,0,0,0
8/19/2021,0,0,0,0,0,0,0,0,0,0,0
8/20/2021,0,0,0,0,0,0,0,0,0,0,0
8/23/2021,-0.001729051,0,0,0,0,0,0.00033684,0,0,0,0
8/24/2021,0,0,0,0,0,0,0,0,0,0,0
8/25/2021,0,0,0,0,0,0,0,0,0,0,0
8/26/2021,0,0,0,0.01796236,0,-0.004399988,0,0,0,0,0
8/27/2021,0,0,0,0,0,0,0,0,0,0,0
8/30/2021,0,0,0,0,0,0,0,0,0,0,0
8/31/2021,0,0,0.00704688,0,0,0,0,0,0,0,2.05E-05
9/1/2021,0,0,0,0,0,0,0,0,0,0,0
9/2/2021,0,0,0,0,0,0,0,0,0,0,0
9/3/2021,0,0,0,0,0,0,-8.17E-05,0,0,0,0
9/6/2021,0,0,0,0,0,0,0,0,0,0,0
9/7/2021,0,-0.002482441,-0.002161288,0,0,0,0,0.004441507,0,0,0
9/8/2021,0,0,0,0,0,0,0,0,0,0,0
9/9/2021,0,0,0,0,0,0,0,0,0,0,0
9/10/2021,0,0,0,0,0,0,0,0,0,0,0
9/13/2021,0,0,0,0,0,0,0,0,0,0,0
9/14/2021,0,0,0,0,0,0,0,-0.003748566,0,0,0
9/15/2021,0,0,0,0,0,0,0,0,0,0,0
9/16/2021,0,0,0,0,0,0,0,0,0,0,0
9/17/2021,0,0,0,0,0,0,0,0,0,0,0
9/20/2021,0,0,0,0,0,0,0,0,0,0,0
9/21/2021,0,0,0,0,0,0,0,0,0,0,0
9/22/2021,0,0,0,0,0,0,0,0,0.006207336,0,0
9/23/2021,0,0,0,0,0,0,0,0,0,-0.000523832,0
9/24/2021,0,0,0,0,0,0,0,0,0,0,0
9/27/2021,0,0,0,0,0,0.003843168,0,0,0,0,0
9/28/2021,0,0,0,0,0,0,0,0,0.001512317,0,0
9/29/2021,0,0,0,0,0,0,0,0,0,0,0
9/30/2021,0,0,0,0,0,0,0,0,0,0,0
10/1/2021,0,0,0,0,0,0,0,0,0,0,0
10/4/2021,0,0,0,0,0,0,0,0,0,-0.00055946,0
10/5/2021,0,0,0,0,0,0,0,0,-0.001347757,0,0
10/6/2021,-0.004689355,0,0,0,0,0,0,0,0,0,0
10/7/2021,0,0,0,0,0,0,0,0,0,0,0
10/8/2021,0,0,0.027694089,0,0,0,0.024699583,0,0,0,0
10/11/2021,0,0,0,0,0,0,0,0,0,0,0
10/12/2021,0,0,0,0,0,0,0,0,0,0,0
10/13/2021,0,0,0,0,0,0,0,0,0,0,0
10/14/2021,0,0,0,0,0,0,0,0,0,0,0
10/15/2021,0,0,0,0,0,0,-0.000578043,0,0,0,0
10/18/2021,0,0,0,0,-0.002174387,0,0,0,-0.001504461,0,0
10/19/2021,0,0,0,0,0,0,-0.001673781,0,0,0,-4.85E-05
10/20/2021,0,0,0,0,0,0,0,0,0,0,0
10/21/2021,0,0,0,0,0,-0.002481672,0,0,0,0,0
10/22/2021,0,0,0,0,0,0,0,0,0,0,0
10/25/2021,0,0,0,0,0,0,0,0,0,0,0
10/26/2021,0,0,0,-0.005872462,0,0,0,0,0,0,0
10/27/2021,0,0,0,0,0,0,0,0,-0.001571536,0,0
10/28/2021,0,0,0,0,0,0,0,0,0,0,0
10/29/2021,0,0,0,0,0,0,0,0,0,0,0
11/1/2021,0,0,0,0,0,0,0,0,0,0,0
11/2/2021,0,0,0.006426011,0,0,0,0,0,0,0,0
11/3/2021,0,0,0,0,0,0,0,0,0,0,0
11/4/2021,0,0,0,0,0,0,0,0,0,0,0
11/5/2021,0.007125827,0,0,0,0,0,0,0,0,0,0
11/8/2021,0,0,0,0,0,0,0,0,0,0,0
11/9/2021,0,0,0,0,0,0,0,0,0,0,0
11/10/2021,0,0,0,0,0,0,0,0,0,0,0
11/11/2021,0,-0.00342387,0,0,0,0,0,0,0,-0.000378349,0
11/12/2021,0,0,0,0,0,0,0,0,0,0,0
11/15/2021,0,0,0,0,0,0,0,0,0,0,0
11/16/2021,0,0,0,0,0,0,0,0,0,0,0
11/17/2021,0,0,0,0,0,0,0,0,0,0,0
11/18/2021,0,0,0,0,0,0,0,0,0,0.000649703,0
11/19/2021,0,0,0,0,0,0,0,0,0,0,0
11/22/2021,0,0,0,0,0,0,0,0,0,0,0
11/23/2021,0,0,0,0,0,0,0,0,0,0,0
11/24/2021,0,0,0,0,0,0,0,0,0,0,0
11/25/2021,0,0,0,0,0,0,0,0,0,0,0
11/26/2021,0,0,0.011075918,0,0.006378057,0,0.018842999,0,0.000931683,0,0
11/29/2021,0,0,0,0,0,0,0,0,0,0,0
11/30/2021,0,0.003846105,0,0,0,0,0,0,0,0,0
12/1/2021,0,0,0,0,0,0,0,0,0,0,0
12/2/2021,0,0,0,0,0,0,-0.006177714,0,0,0,0
12/3/2021,0,0,0,0,0,0,0,0,0,0,0
12/6/2021,0,0,0,0,0,0,0,0,0,0,0
12/7/2021,0,0,0,0,0.000487,0,0,0,-0.001669583,0,0
12/8/2021,0,0,0,0,0,0,0,0,0,0,0
12/9/2021,0,0,0,0,0,0,0,0,0,0,0
12/10/2021,0,0,0,0,0,0,0,0,0,0.000257672,0.00073913
12/13/2021,0,0,0,0,0,0,0,0,0,0,0
12/14/2021,0,0,0,0,0,0,0.002200195,0,0,0,0
12/15/2021,0,0,0,0,0,0,0,0,0,0,0
12/16/2021,0,0,0,0,0,0,0,0,0,0,0
12/17/2021,0,0,0,0,0,0,0,0,0,0,0
12/20/2021,0,-0.00426872,0,0,0,0,0,0,-0.002359321,0,0
12/21/2021,0,0,0,0,0,0,0,0,0,0,0
12/22/2021,0,0,0,0,0.004831587,0.009900421,0,0,0,0,0
12/23/2021,0,0,0,0,0,0,0,0,0,-9.23E-05,0
12/24/2021,0,0,0,0,0,0,0,0,0,0,0
12/27/2021,0,0,0,0,0.000342583,0,0,0,0,-0.000397393,0
12/28/2021,0,0,0,0,0,0,0,0,0,0,0
12/29/2021,0,0,0,0,0,-0.0035682,0,0,0,0,0
12/30/2021,0,0,0,0,0,0,0,0,0,0,0
12/31/2021,0,0,0,0,0,0,0,0,0,0,0
1/3/2022,0,0,0,0,0,0,0,0,0,0,0
1/4/2022,0,0,0,0,0,0,0,0,0,0,0
1/5/2022,0,0,0,0,0,0,0,0,0,0,0
1/6/2022,-0.003111766,0,0,0,0,-0.003975027,0,0,-0.002543641,0,0
1/7/2022,0,-0.000355848,0,0,0.006861858,0,0,0,0,0,0
1/10/2022,0,0,0,0,0,0,0,0,0,0,0
1/11/2022,0,0,0,0,0,0,0,0,0,0,0
1/12/2022,0,0,0,0.002024615,0,0,0,-5.15E-05,0,0.000272221,0
1/13/2022,0,-0.002236438,0,0,0,0,0,0,0,0,0
1/14/2022,0,0,0,0,0,0,0,0,0,0,0
1/17/2022,0.000380077,0,0,0,0,0,0,0,0,0,0
1/18/2022,0,0,0,0,0,-0.004296949,0,0,0,0,0
1/19/2022,0,0,0,0,0,0,0,0,0,0,0
1/20/2022,0,0,0,0,0,0,0,0,0,-0.000135837,0
1/21/2022,0,0,0,0,0,0,0,0,0,0,0
1/24/2022,0,0,0,0,0,0,0,0,0,0,0
1/25/2022,0,0,0,0,0,0,0,0,0,0,0
1/26/2022,0,0,0,0,0,-0.004044051,0,0,0,-0.000635552,0
1/27/2022,0,0,-0.004080909,0,-0.003877572,0,0,0.001640175,-0.000928448,0,0
1/28/2022,0,0,0,0,0,0,0,0,0,0,0
1/31/2022,-0.004143935,0,0.021582161,0,0,0,0,0,0,0,0
2/1/2022,0,0,0,0,0,0,-0.003282819,0,0,0,0
2/2/2022,0,0,0,0,0,0,0,0,0,0.000104145,0
2/3/2022,0,0,0,0,0,0,0,0,0,0,0
2/4/2022,0,0,0,0,0,0,0,0,0,0,0
2/7/2022,0,0,0,0,0,0,0,0,0,0,0
2/8/2022,0,0,0,0,0.005047984,0,0.00207049,8.57E-05,-0.001257325,0,0
2/9/2022,0,0,0,0,0,0,0,0,0,0,0
2/10/2022,0,0,0,0,0,0,-0.002483576,0,0,0,0
2/11/2022,0,0,0,0,0,0,0,0,0,0,0
2/14/2022,0,0,0,0,0,0,0,0,0,0,0
2/15/2022,0,0,0,0,0,0,0,0,0,0,0
2/16/2022,0,0,0,0,0,0,0,0,0,0,0
2/17/2022,0,0,0,0,0,0,-0.001760228,0,0,0,0
2/18/2022,0,0,0,0,0,0,0,0,0,0,0
2/21/2022,0.001704098,0,0,0,0,0,0,0,0,0,0
2/22/2022,0,0,0,0,0,0,0,0,0,0,0
2/23/2022,0,0,0,0,0,0,0,0,0,0,0
2/24/2022,0,0,0.017520823,0,0.021074645,0,0,0,0,0,0
2/25/2022,0,0,0,0,0,0,0,0,0,0,0
2/28/2022,0,0,0,0,0,0,0,0,0,0,0
3/1/2022,0,0,0,0,0,0,0,0,0,0,0
3/2/2022,0,0,0,0,0,0,0,0,0,0,0
3/3/2022,0,0,0,0,0,0,0,0,0,0,0
3/4/2022,-0.004045964,0,-0.006995532,0,0,0,0,0,0,0,0
3/7/2022,0,0,0,0,0,0,0,0,0,0,0
3/8/2022,0,0,0,0,0,0,0,0,0,0,0
3/9/2022,0,0,0,0,0.00893535,0,0,0,0,0,0
3/10/2022,0,0,0,0.005658692,0,0.013274989,0,0,0,0,0
3/11/2022,0,0,0,0,0,0,0,0,-0.00321293,0,0
3/14/2022,0,0,0,0,0,0,0,0,0,0,0
3/15/2022,0,0,0,0,0,-0.004554471,0,0,0,0,0
3/16/2022,0,0,0,0,0,0,0,0,0,0,0
3/17/2022,0,0,0,0,0,0,0,0,0,0,0
3/18/2022,0,0,0,0,0,0,0,0,0,0,0
3/21/2022,0,0,0,0,0,0,0,0,0,0,-0.005483064
3/22/2022,0,0,0,0,-0.003885968,0,0.031916212,0,-0.000737863,0,0
3/23/2022,0,0,0,0,0,0,0,0,0,0,0
3/24/2022,0,0,0,0,0,0,0,0,0,0,0
3/25/2022,0,0,0,0,0,0,0,0,0,0,0
3/28/2022,0,0,0,0,0,0,0,0,0,0,0
3/29/2022,0,0,0,0,0,0,0,0,0,0,0
3/30/2022,0,0,0,0,0,0,0,0,0,0,0
3/31/2022,0,0,0,0,0,0,0,0,0,0,0
4/1/2022,0,0,0,0,0,0,0,0,0,0,0.005704814
4/4/2022,0,0,-0.008118375,0,0,0,0,0,0,0,0
4/5/2022,0,0,0,0,0,0,0.020035474,0,0,0,-0.003329054
4/6/2022,0,0,0,0,0,0,0,0,0,0,0
4/7/2022,0,0,0,0,0,0,0,0,0,0,0
4/8/2022,0.008015287,0,0,0,0,0,0,0,0,0,0
4/11/2022,0,0,0,0,0,0,0,0,0,0,0
4/12/2022,0,0,0,0,0,0,0,0,0,0,0
4/13/2022,0,0,0,0,0,0,0,0,0,0,0
4/14/2022,0,0,0,0,0,0,0,0,-0.001895531,0,0
4/15/2022,0,0,0,0,0,0,0,0,0,0,0
4/18/2022,0,0.014923689,-0.000287563,0,0.007633724,0.008990266,0,0,0,0,0.023768692
4/19/2022,0,0,0,0,0,0,0,0,0,0,0
4/20/2022,0,0,0,0,0,0,0,0,0,0,0
4/21/2022,0,0,0,0,0,0,0,0,0,0,0
4/22/2022,0,0,0,0,0,0,0,0,0,0,0
4/25/2022,0,0,0,0,0,0,0,0,0,0,0
4/26/2022,0,0,0,0,0,0,0,0,0,0,0
4/27/2022,0,0,0,0,0,0,0,0,0,0,0
4/28/2022,0,0,0,0,0,0,0,0,0,0,0
4/29/2022,0,0,0,0,0,0,0,0,0,0,0
5/2/2022,0,-0.005615732,0,0,0,0,0,0,0,0,0
5/3/2022,0,0,0,0,0,0,0,0,0,2.30E-05,0
5/4/2022,0,0,0,0,0,0,0,0,0,0,0
5/5/2022,0,0,-0.004081938,0,0,0,0,0,0,0,0
5/6/2022,0,0,0,0,0,0,0,0,0,0,0
5/9/2022,0,0,0,0,0,0,0,0,0,0,0
5/10/2022,0,0,0,0,0,0,0,0,0,0,0
5/11/2022,0,0,0,0,0,0,0,0,0,0,0
5/12/2022,0,0,0,0,0,0,0,0,0,0,0
5/13/2022,0,0,0,0,0,0,0,0,0,0,0
5/16/2022,0,0,0,0.023444089,0,0,0,0.028614577,0,0,0
5/17/2022,0,0,0,0,0,0,0,0,0,0,0
5/18/2022,0,0,0,0,0,0,0,0,0,0,0
5/19/2022,0,0,0,0,0,0,0,0,0,0,0
5/20/2022,0,0,0,0,0,0,0,0,0,0,0
5/23/2022,0,0,0,0,0,0,-0.002137033,0,0,0,0.011660464
5/24/2022,0,0,0,0,0,0,0,0,0,0,0
5/25/2022,0,0,0,0,0,0,0,0.003123943,0,-0.000334972,0
5/26/2022,0.002633426,0,0,0,0,0,0,0,0,0,0
5/27/2022,0,0,0,0,-0.000446581,0,0,0,-0.001686115,0,0
5/30/2022,0,0,0,0,0,0,0.038821851,0,0,0.000220489,0
5/31/2022,0,0,0,0,0,0,0,0,0,0,0.002204666
6/1/2022,0,0,0,0,0,0,0,0,0,0,0
6/2/2022,0,0,0,0,0,0,0,0,0,0,0
6/3/2022,0,0,0,0,0,0,0,0,0,0,0
6/6/2022,0,0,0,0,0,0,0,0,0,0,0
6/7/2022,0,0,0,0,0,0,0,0,0,0,0
6/8/2022,0,0,0,0,0,0,0,0,0,0,0
6/9/2022,0,0,0,0,0,0,0,0.011544285,0.004309935,0,0.012602181
6/10/2022,0,0,0,0,0,0,0,0,0,0,0
6/13/2022,0,0.004821202,0,0,0,0,0,0,0,0,0
6/14/2022,0,0,0,0,0,0,0,0,0,0,0
6/15/2022,0,0,0.020504124,0,0,0,0,0,0,0,0
6/16/2022,0.034760534,0,0,-0.008030436,0,0,0,0.003369903,-2.73E-05,0,0
6/17/2022,0,0,0,0,0,0,0,0,0,0,0
6/20/2022,0,0.004305806,0,0,0,0,0,0,0,0,0
6/21/2022,0,0,0,0,-0.002251677,0.008152124,0,0,0,0,-0.006482115
6/22/2022,0,0,0,0.007665175,0,0,0,0.014649809,0,0.000259944,0
6/23/2022,0,0,0,0,0,0,0,0,0,0,0
6/24/2022,0,0,0,0,0,0,0,0,0,0,0
6/27/2022,0,0,-0.007191576,0,-0.005445219,0,0,0,0,0,0
6/28/2022,-0.008155206,0,0,-0.005929318,0,0,0,0.018548058,0,0,0
6/29/2022,0,0,0,0,0,0,0,0,0,0,0
6/30/2022,0,0,0,0,0,0,0,0,0,0,0
7/1/2022,0,0,0,0,0,0,0,0,0,0,0
7/4/2022,0,0,0,0,0,0,0,0,0,0,0
7/5/2022,0.020790352,0,0,0,0.036759363,0,0.00683255,0,0.006910627,0,0
7/6/2022,0,0,0,0,0,0,0,0,0,-2.53E-06,0
7/7/2022,0,0,0,0,0,-0.005181036,0,0,0,0,0
7/8/2022,0,0,-0.007432815,0,0,0,0,0,0,0,0
7/11/2022,0,0,0,0,0,0,0,0,0,0,0
7/12/2022,0,0,0,0,0,0,0,0,0,0,0
7/13/2022,0,0,0,0,0,0,0,0,0,0,0
7/14/2022,0,0,0,0,0,0,0,0,0,0,0
7/15/2022,0,0,0,0,0,0,0,0,0,0,0
7/18/2022,0,0,0,0,0,0,0.014058271,0,0,0,0.015082889
7/19/2022,0,0,0,0,0,0,0,0,0,0,0
7/20/2022,0,0,0,0,0,0,0,0,0,0,0
7/21/2022,0,0,0,0,0,0,0,0,0,0,0
7/22/2022,0,0,0,0,0,0,0,0,0,0,0
7/25/2022,0,0,0,0,0,0,0,0,0,0,0
7/26/2022,0,0,0,0,0,0,0,0,0,0,0
7/27/2022,0,0,0,0,0,0,0,0,0,0,0
7/28/2022,0,0,0.018236214,0,0,0,0,0,0.007628685,0,0.005744306
7/29/2022,0,0,0,0,0,0,0,0,0,0,0
8/1/2022,0,0,0,0,0,0,0,0,0,0,0
8/2/2022,0,0,0,0,0,0,0,0,0,-0.000268783,0
8/3/2022,0,0,0,0,0,0,0,0,0,0,0
8/4/2022,0,0.010285285,0,0,0,0,0,0,0,0,0
8/5/2022,0,0,0,0,0,0,0,0,0,0,0
8/8/2022,0,0,0,0,0,0,0,0,0,0,0
8/9/2022,0,0,0,0,-0.005202995,0,0,0,0,0,0
8/10/2022,0,0,0,0,0,0,0,0,0,0,0
8/11/2022,0,0,0,0,0,0,0,0,0,0,0
8/12/2022,0,0,0,0,0,0,0,0,0,0,0
8/15/2022,0,0,0,0,0,0,0,0,0,0,0
8/16/2022,0,0,0,0,0,0,0,0,0,0,0
8/17/2022,0,0,0,0,0,0,0,0,0,0,0
8/18/2022,0,0,0,0,0,0,0,0,0,0,0
8/19/2022,0,0,-0.002611695,0,0,0,0.015401775,0,0,0,0
8/22/2022,0,0,0,0,0,0,0,0,0,0,0
8/23/2022,0,0,0,0,0,0,0,0,0,0,0
8/24/2022,0,0,0,0,0,0,0,0,0,0,0
8/25/2022,0,0,0,0,0,0,0,0,-0.003396947,0,0
8/26/2022,-0.006392096,0,0,0,0,0,0.023902283,0,0,0,0
8/29/2022,0,0,0,0,0,0,0,0,0,0,0
8/30/2022,0,0,0,0,0,0,0,0,0,0,0
8/31/2022,0,0,0,0,0,0,0,0,0,0,0
9/1/2022,0,0,0,0,0,0,0.035652165,0,0,0,0
9/2/2022,0,0,0,0,0,0,0,0,0,-0.000212655,0
9/5/2022,0,0,0,0,0,0,0,0,-0.003371233,0,-0.005160979
9/6/2022,0,-0.004135137,0,0,0,0,0.02650699,0,0,0,0
9/7/2022,0,0,0,0,0,0,0,0,0,0,0
9/8/2022,0,0,0,0,0,0,0,0,0,0,0
9/9/2022,0,0,0,0,0,0,0,0,0,0,0
9/12/2022,0,0,0,0,0,0,0,0,0,0,0
9/13/2022,0,0,0,0,0,0,0,0,0,-0.00032488,0
9/14/2022,0,0,0.015551429,0,0,0,0,0,0,0,0
9/15/2022,0,0,0,0,0,0,0,0,0,0,0
9/16/2022,0,0,0,0,0,0,-0.004125267,0,0,0,0
9/19/2022,0,0,0,0,0,0,0,0,0,0,0
9/20/2022,0,0,0,0,0,0,0,0,0,0,0
9/21/2022,0,0,0,0,0,0,0,0,0,0,0
9/22/2022,0,0,0,0,0,0,0,0,0,0,0
9/23/2022,0,0,0,0,0,0,0,0,0,0,0
9/26/2022,0,0,0,0,0,0,0,0,0,0,0
9/27/2022,0,0,0,0,0,0,0,0,0,0,0
9/28/2022,0,0,0,0,0,-0.001043287,0,0,0,0,0
9/29/2022,0,0,0,0,0,0,0,0,0,0,0
9/30/2022,0,0,0,0,0,0,0,0,0,0,0
10/3/2022,0,0,0,0,0,0,0,0,0,0,0
10/4/2022,0,0,0,0,0,0,0,0,0,0,0
10/5/2022,0,0,0,0,0,0,0,0,0,0,0
10/7/2022,0,0,0,0,0,0,0,0,0,0,0
10/8/2022,0,0,0,0,0,0,0,0,0,0,0
